name,aliases,type,dist,distKm,customDist,city,country,year,eventDate,month,day
Abu Dhabi Half Marathon,Abu Dhabi Half | ADNOC,run,Half Marathon,21.1,,Abu Dhabi,United Arab Emirates,2023,2023-02-24,2,24
Abu Dhabi Half Marathon,Abu Dhabi Half | ADNOC,run,Half Marathon,21.1,,Abu Dhabi,United Arab Emirates,2024,2024-02-09,2,9
Abu Dhabi Half Marathon,Abu Dhabi Half | ADNOC,run,Half Marathon,21.1,,Abu Dhabi,United Arab Emirates,2025,2025-02-14,2,14
Abu Dhabi Half Marathon,Abu Dhabi Half | ADNOC,run,Half Marathon,21.1,,Abu Dhabi,United Arab Emirates,2026,2026-02-13,2,13
Abu International Half Marathon,Dadi Prakashmani Abu International Half Marathon,run,Half Marathon,21.1,,Mount Abu,India,2019,2019-08-19,8,19
Abu International Half Marathon,Dadi Prakashmani Abu International Half Marathon,run,Half Marathon,21.1,,Mount Abu,India,2024,2024-08-18,8,18
Abu International Half Marathon,Dadi Prakashmani Abu International Half Marathon,run,Half Marathon,21.1,,Mount Abu,India,2025,2025-08-17,8,17
ADNOC Abu Dhabi Marathon,Abu Dhabi Marathon | ADNOC Marathon,run,Marathon,42.2,,Abu Dhabi,United Arab Emirates,,,12,6
Amsterdam Marathon,TCS Amsterdam | Amsterdam,run,Marathon,42.2,,Amsterdam,Netherlands,2022,2022-10-16,10,16
Amsterdam Marathon,TCS Amsterdam | Amsterdam,run,Marathon,42.2,,Amsterdam,Netherlands,2023,2023-10-15,10,15
Amsterdam Marathon,TCS Amsterdam | Amsterdam,run,Marathon,42.2,,Amsterdam,Netherlands,2024,2024-10-20,10,20
Amsterdam Marathon,TCS Amsterdam | Amsterdam,run,Marathon,42.2,,Amsterdam,Netherlands,2025,2025-10-19,10,19
Amsterdam Marathon,TCS Amsterdam | Amsterdam,run,Marathon,42.2,,Amsterdam,Netherlands,2026,2026-10-18,10,18
Athens Classic Marathon,Athens | Athens Authentic,run,Marathon,42.2,,Athens,Greece,2022,2022-11-13,11,13
Athens Classic Marathon,Athens | Athens Authentic,run,Marathon,42.2,,Athens,Greece,2023,2023-11-12,11,12
Athens Classic Marathon,Athens | Athens Authentic,run,Marathon,42.2,,Athens,Greece,2024,2024-11-10,11,10
Athens Classic Marathon,Athens | Athens Authentic,run,Marathon,42.2,,Athens,Greece,2025,2025-11-09,11,9
Badwater 135,Badwater,run,100 Mile,217,,Death Valley,United States,,,7,14
Barcelona Marathon,Barcelona | Zurich Barcelona,run,Marathon,42.2,,Barcelona,Spain,2023,2023-03-12,3,12
Barcelona Marathon,Barcelona | Zurich Barcelona,run,Marathon,42.2,,Barcelona,Spain,2024,2024-03-17,3,17
Barcelona Marathon,Barcelona | Zurich Barcelona,run,Marathon,42.2,,Barcelona,Spain,2025,2025-03-16,3,16
Barcelona Marathon,Barcelona | Zurich Barcelona,run,Marathon,42.2,,Barcelona,Spain,2026,2026-03-15,3,15
Bengaluru Marathon,Shriram Properties Bengaluru Marathon | Wipro Bengaluru Marathon,run,10KM,10,,Bengaluru,India,2017,2017-10-15,10,15
Bengaluru Marathon,Shriram Properties Bengaluru Marathon | Wipro Bengaluru Marathon,run,10KM,10,,Bengaluru,India,2018,2018-10-21,10,21
Bengaluru Marathon,Shriram Properties Bengaluru Marathon | Wipro Bengaluru Marathon,run,10KM,10,,Bengaluru,India,2019,2019-10-13,10,13
Bengaluru Marathon,Shriram Properties Bengaluru Marathon | Wipro Bengaluru Marathon,run,10KM,10,,Bengaluru,India,2020,2020-12-13,12,13
Bengaluru Marathon,Shriram Properties Bengaluru Marathon | Wipro Bengaluru Marathon,run,10KM,10,,Bengaluru,India,2022,2022-10-16,10,16
Bengaluru Marathon,Shriram Properties Bengaluru Marathon | Wipro Bengaluru Marathon,run,10KM,10,,Bengaluru,India,2023,2023-10-08,10,8
Bengaluru Marathon,Shriram Properties Bengaluru Marathon | Wipro Bengaluru Marathon,run,10KM,10,,Bengaluru,India,2024,2024-10-06,10,6
Bengaluru Marathon,Shriram Properties Bengaluru Marathon | Wipro Bengaluru Marathon,run,10KM,10,,Bengaluru,India,2025,2025-09-21,9,21
Bengaluru Marathon,Shriram Properties Bengaluru Marathon | Wipro Bengaluru Marathon,run,5KM,5,,Bengaluru,India,2017,2017-10-15,10,15
Bengaluru Marathon,Shriram Properties Bengaluru Marathon | Wipro Bengaluru Marathon,run,5KM,5,,Bengaluru,India,2018,2018-10-21,10,21
Bengaluru Marathon,Shriram Properties Bengaluru Marathon | Wipro Bengaluru Marathon,run,5KM,5,,Bengaluru,India,2019,2019-10-13,10,13
Bengaluru Marathon,Shriram Properties Bengaluru Marathon | Wipro Bengaluru Marathon,run,5KM,5,,Bengaluru,India,2020,2020-12-13,12,13
Bengaluru Marathon,Shriram Properties Bengaluru Marathon | Wipro Bengaluru Marathon,run,5KM,5,,Bengaluru,India,2022,2022-10-16,10,16
Bengaluru Marathon,Shriram Properties Bengaluru Marathon | Wipro Bengaluru Marathon,run,5KM,5,,Bengaluru,India,2023,2023-10-08,10,8
Bengaluru Marathon,Shriram Properties Bengaluru Marathon | Wipro Bengaluru Marathon,run,5KM,5,,Bengaluru,India,2024,2024-10-06,10,6
Bengaluru Marathon,Shriram Properties Bengaluru Marathon | Wipro Bengaluru Marathon,run,5KM,5,,Bengaluru,India,2025,2025-09-21,9,21
Bengaluru Marathon,Shriram Properties Bengaluru Marathon | Wipro Bengaluru Marathon,run,Half Marathon,21.1,,Bengaluru,India,2017,2017-10-15,10,15
Bengaluru Marathon,Shriram Properties Bengaluru Marathon | Wipro Bengaluru Marathon,run,Half Marathon,21.1,,Bengaluru,India,2018,2018-10-21,10,21
Bengaluru Marathon,Shriram Properties Bengaluru Marathon | Wipro Bengaluru Marathon,run,Half Marathon,21.1,,Bengaluru,India,2019,2019-10-13,10,13
Bengaluru Marathon,Shriram Properties Bengaluru Marathon | Wipro Bengaluru Marathon,run,Half Marathon,21.1,,Bengaluru,India,2020,2020-12-13,12,13
Bengaluru Marathon,Shriram Properties Bengaluru Marathon | Wipro Bengaluru Marathon,run,Half Marathon,21.1,,Bengaluru,India,2022,2022-10-16,10,16
Bengaluru Marathon,Shriram Properties Bengaluru Marathon | Wipro Bengaluru Marathon,run,Half Marathon,21.1,,Bengaluru,India,2023,2023-10-08,10,8
Bengaluru Marathon,Shriram Properties Bengaluru Marathon | Wipro Bengaluru Marathon,run,Half Marathon,21.1,,Bengaluru,India,2024,2024-10-06,10,6
Bengaluru Marathon,Shriram Properties Bengaluru Marathon | Wipro Bengaluru Marathon,run,Half Marathon,21.1,,Bengaluru,India,2025,2025-09-21,9,21
Bengaluru Marathon,Bengaluru | Bangalore Marathon,run,Marathon,42.2,,Bengaluru,India,2017,2017-10-15,10,15
Bengaluru Marathon,Shriram Properties Bengaluru Marathon | Wipro Bengaluru Marathon,run,Marathon,42.2,,Bengaluru,India,2017,2017-10-15,10,15
Bengaluru Marathon,Bengaluru | Bangalore Marathon,run,Marathon,42.2,,Bengaluru,India,2018,2018-10-21,10,21
Bengaluru Marathon,Shriram Properties Bengaluru Marathon | Wipro Bengaluru Marathon,run,Marathon,42.2,,Bengaluru,India,2018,2018-10-21,10,21
Bengaluru Marathon,Bengaluru | Bangalore Marathon,run,Marathon,42.2,,Bengaluru,India,2019,2019-10-13,10,13
Bengaluru Marathon,Shriram Properties Bengaluru Marathon | Wipro Bengaluru Marathon,run,Marathon,42.2,,Bengaluru,India,2019,2019-10-13,10,13
Bengaluru Marathon,Bengaluru | Bangalore Marathon,run,Marathon,42.2,,Bengaluru,India,2020,2020-12-13,12,13
Bengaluru Marathon,Shriram Properties Bengaluru Marathon | Wipro Bengaluru Marathon,run,Marathon,42.2,,Bengaluru,India,2020,2020-12-13,12,13
Bengaluru Marathon,Bengaluru | Bangalore Marathon,run,Marathon,42.2,,Bengaluru,India,2022,2022-10-16,10,16
Bengaluru Marathon,Shriram Properties Bengaluru Marathon | Wipro Bengaluru Marathon,run,Marathon,42.2,,Bengaluru,India,2022,2022-10-16,10,16
Bengaluru Marathon,Bengaluru | Bangalore Marathon,run,Marathon,42.2,,Bengaluru,India,2023,2023-10-08,10,8
Bengaluru Marathon,Shriram Properties Bengaluru Marathon | Wipro Bengaluru Marathon,run,Marathon,42.2,,Bengaluru,India,2023,2023-10-08,10,8
Bengaluru Marathon,Bengaluru | Bangalore Marathon,run,Marathon,42.2,,Bengaluru,India,2024,2024-10-06,10,6
Bengaluru Marathon,Shriram Properties Bengaluru Marathon | Wipro Bengaluru Marathon,run,Marathon,42.2,,Bengaluru,India,2024,2024-10-06,10,6
Bengaluru Marathon,Bengaluru | Bangalore Marathon,run,Marathon,42.2,,Bengaluru,India,2025,2025-09-21,9,21
Bengaluru Marathon,Shriram Properties Bengaluru Marathon | Wipro Bengaluru Marathon,run,Marathon,42.2,,Bengaluru,India,2025,2025-09-21,9,21
Berlin Marathon,BMW Berlin | Berlin,run,Marathon,42.2,,Berlin,Germany,2006,2006-09-24,9,24
Berlin Marathon,BMW Berlin | Berlin,run,Marathon,42.2,,Berlin,Germany,2007,2007-09-30,9,30
Berlin Marathon,BMW Berlin | Berlin,run,Marathon,42.2,,Berlin,Germany,2008,2008-09-28,9,28
Berlin Marathon,BMW Berlin | Berlin,run,Marathon,42.2,,Berlin,Germany,2009,2009-09-20,9,20
Berlin Marathon,BMW Berlin | Berlin,run,Marathon,42.2,,Berlin,Germany,2010,2010-09-26,9,26
Berlin Marathon,BMW Berlin | Berlin,run,Marathon,42.2,,Berlin,Germany,2011,2011-09-25,9,25
Berlin Marathon,BMW Berlin | Berlin,run,Marathon,42.2,,Berlin,Germany,2012,2012-09-30,9,30
Berlin Marathon,BMW Berlin | Berlin,run,Marathon,42.2,,Berlin,Germany,2013,2013-09-29,9,29
Berlin Marathon,BMW Berlin | Berlin,run,Marathon,42.2,,Berlin,Germany,2014,2014-09-28,9,28
Berlin Marathon,BMW Berlin | Berlin,run,Marathon,42.2,,Berlin,Germany,2015,2015-09-27,9,27
Berlin Marathon,BMW Berlin | Berlin,run,Marathon,42.2,,Berlin,Germany,2016,2016-09-25,9,25
Berlin Marathon,BMW Berlin | Berlin,run,Marathon,42.2,,Berlin,Germany,2017,2017-09-24,9,24
Berlin Marathon,BMW Berlin | Berlin,run,Marathon,42.2,,Berlin,Germany,2018,2018-09-16,9,16
Berlin Marathon,BMW Berlin | Berlin,run,Marathon,42.2,,Berlin,Germany,2019,2019-09-29,9,29
Berlin Marathon,BMW Berlin | Berlin,run,Marathon,42.2,,Berlin,Germany,2020,2020-09-27,9,27
Berlin Marathon,BMW Berlin | Berlin,run,Marathon,42.2,,Berlin,Germany,2021,2021-09-26,9,26
Berlin Marathon,BMW Berlin | Berlin,run,Marathon,42.2,,Berlin,Germany,2022,2022-09-25,9,25
Berlin Marathon,BMW Berlin | Berlin,run,Marathon,42.2,,Berlin,Germany,2023,2023-09-24,9,24
Berlin Marathon,BMW Berlin | Berlin,run,Marathon,42.2,,Berlin,Germany,2024,2024-09-29,9,29
Berlin Marathon,BMW Berlin | Berlin,run,Marathon,42.2,,Berlin,Germany,2025,2025-09-21,9,21
Berlin Marathon,BMW Berlin | Berlin,run,Marathon,42.2,,Berlin,Germany,2026,2026-09-27,9,27
Bodhgaya Marathon,Bodh Gaya Marathon | Bodhgaya Marathon - Run for Global Peace,run,10KM,10,,Bodh Gaya,India,2024,2024-01-14,1,14
Bodhgaya Marathon,Bodh Gaya Marathon | Bodhgaya Marathon - Run for Global Peace,run,10KM,10,,Bodh Gaya,India,2025,2025-02-16,2,16
Bodhgaya Marathon,Bodh Gaya Marathon | Bodhgaya Marathon - Run for Global Peace,run,10KM,10,,Bodh Gaya,India,2026,2026-02-01,2,1
Bodhgaya Marathon,Bodh Gaya Marathon | Bodhgaya Marathon - Run for Global Peace,run,Custom…,10,Niranjana Run,Bodh Gaya,India,2024,2024-01-14,1,14
Bodhgaya Marathon,Bodh Gaya Marathon | Bodhgaya Marathon - Run for Global Peace,run,Custom…,5,Sujata Run,Bodh Gaya,India,2024,2024-01-14,1,14
Bodhgaya Marathon,Bodh Gaya Marathon | Bodhgaya Marathon - Run for Global Peace,run,Custom…,10,Niranjana Run,Bodh Gaya,India,2025,2025-02-16,2,16
Bodhgaya Marathon,Bodh Gaya Marathon | Bodhgaya Marathon - Run for Global Peace,run,Custom…,5,Sujata Run,Bodh Gaya,India,2025,2025-02-16,2,16
Bodhgaya Marathon,Bodh Gaya Marathon | Bodhgaya Marathon - Run for Global Peace,run,Custom…,10,Niranjana Run,Bodh Gaya,India,2026,2026-02-01,2,1
Bodhgaya Marathon,Bodh Gaya Marathon | Bodhgaya Marathon - Run for Global Peace,run,Custom…,5,Sujata Run,Bodh Gaya,India,2026,2026-02-01,2,1
Bodhgaya Marathon,Bodh Gaya Marathon | Bodhgaya Marathon - Run for Global Peace,run,Half Marathon,21.1,,Bodh Gaya,India,2024,2024-01-14,1,14
Bodhgaya Marathon,Bodh Gaya Marathon | Bodhgaya Marathon - Run for Global Peace,run,Half Marathon,21.1,,Bodh Gaya,India,2025,2025-02-16,2,16
Bodhgaya Marathon,Bodh Gaya Marathon | Bodhgaya Marathon - Run for Global Peace,run,Half Marathon,21.1,,Bodh Gaya,India,2026,2026-02-01,2,1
Bodhgaya Marathon,Bodh Gaya Marathon | Bodhgaya Marathon - Run for Global Peace,run,Marathon,42.2,,Bodh Gaya,India,2024,2024-01-14,1,14
Bodhgaya Marathon,Bodh Gaya Marathon | Bodhgaya Marathon - Run for Global Peace,run,Marathon,42.2,,Bodh Gaya,India,2025,2025-02-16,2,16
Bodhgaya Marathon,Bodh Gaya Marathon | Bodhgaya Marathon - Run for Global Peace,run,Marathon,42.2,,Bodh Gaya,India,2026,2026-02-01,2,1
Boston Marathon,Boston | BAA Marathon,run,Marathon,42.2,,Boston,United States,2006,2006-04-17,4,17
Boston Marathon,Boston | BAA Marathon,run,Marathon,42.2,,Boston,United States,2007,2007-04-16,4,16
Boston Marathon,Boston | BAA Marathon,run,Marathon,42.2,,Boston,United States,2008,2008-04-21,4,21
Boston Marathon,Boston | BAA Marathon,run,Marathon,42.2,,Boston,United States,2009,2009-04-20,4,20
Boston Marathon,Boston | BAA Marathon,run,Marathon,42.2,,Boston,United States,2010,2010-04-19,4,19
Boston Marathon,Boston | BAA Marathon,run,Marathon,42.2,,Boston,United States,2011,2011-04-18,4,18
Boston Marathon,Boston | BAA Marathon,run,Marathon,42.2,,Boston,United States,2012,2012-04-16,4,16
Boston Marathon,Boston | BAA Marathon,run,Marathon,42.2,,Boston,United States,2013,2013-04-15,4,15
Boston Marathon,Boston | BAA Marathon,run,Marathon,42.2,,Boston,United States,2014,2014-04-21,4,21
Boston Marathon,Boston | BAA Marathon,run,Marathon,42.2,,Boston,United States,2015,2015-04-20,4,20
Boston Marathon,Boston | BAA Marathon,run,Marathon,42.2,,Boston,United States,2016,2016-04-18,4,18
Boston Marathon,Boston | BAA Marathon,run,Marathon,42.2,,Boston,United States,2017,2017-04-17,4,17
Boston Marathon,Boston | BAA Marathon,run,Marathon,42.2,,Boston,United States,2018,2018-04-16,4,16
Boston Marathon,Boston | BAA Marathon,run,Marathon,42.2,,Boston,United States,2019,2019-04-15,4,15
Boston Marathon,Boston | BAA Marathon,run,Marathon,42.2,,Boston,United States,2020,2020-09-14,9,14
Boston Marathon,Boston | BAA Marathon,run,Marathon,42.2,,Boston,United States,2021,2021-10-11,10,11
Boston Marathon,Boston | BAA Marathon,run,Marathon,42.2,,Boston,United States,2022,2022-04-18,4,18
Boston Marathon,Boston | BAA Marathon,run,Marathon,42.2,,Boston,United States,2023,2023-04-17,4,17
Boston Marathon,Boston | BAA Marathon,run,Marathon,42.2,,Boston,United States,2024,2024-04-15,4,15
Boston Marathon,Boston | BAA Marathon,run,Marathon,42.2,,Boston,United States,2025,2025-04-21,4,21
Boston Marathon,Boston | BAA Marathon,run,Marathon,42.2,,Boston,United States,2026,2026-04-20,4,20
Brighton Marathon,Brighton,run,Marathon,42.2,,Brighton,United Kingdom,,,4,6
Cape Epic,Absa Cape Epic,cycle,Gran Fondo,700,,Cape Town,South Africa,,,3,16
Cape Town Marathon,Cape Town | Sanlam Cape Town,run,Marathon,42.2,,Cape Town,South Africa,2022,2022-09-18,9,18
Cape Town Marathon,Cape Town | Sanlam Cape Town,run,Marathon,42.2,,Cape Town,South Africa,2023,2023-09-17,9,17
Cape Town Marathon,Cape Town | Sanlam Cape Town,run,Marathon,42.2,,Cape Town,South Africa,2024,2024-09-22,9,22
Cape Town Marathon,Cape Town | Sanlam Cape Town,run,Marathon,42.2,,Cape Town,South Africa,2025,2025-09-21,9,21
Challenge Roth,Roth | Challenge,tri,Full Distance,226,,Roth,Germany,2022,2022-07-03,7,3
Challenge Roth,Roth | Challenge,tri,Full Distance,226,,Roth,Germany,2023,2023-07-02,7,2
Challenge Roth,Roth | Challenge,tri,Full Distance,226,,Roth,Germany,2024,2024-07-07,7,7
Challenge Roth,Roth | Challenge,tri,Full Distance,226,,Roth,Germany,2025,2025-07-06,7,6
Challenge Roth,Roth | Challenge,tri,Full Distance,226,,Roth,Germany,2026,2026-07-05,7,5
Chennai Marathon,Chennai,run,Marathon,42.2,,Chennai,India,2023,2023-02-05,2,5
Chennai Marathon,Chennai,run,Marathon,42.2,,Chennai,India,2024,2024-02-04,2,4
Chennai Marathon,Chennai,run,Marathon,42.2,,Chennai,India,2025,2025-02-09,2,9
Chennai Marathon,Chennai,run,Marathon,42.2,,Chennai,India,2026,2026-02-08,2,8
Chicago Marathon,Bank of America Chicago,run,Marathon,42.2,,Chicago,United States,2006,2006-10-22,10,22
Chicago Marathon,Bank of America Chicago,run,Marathon,42.2,,Chicago,United States,2007,2007-10-07,10,7
Chicago Marathon,Bank of America Chicago,run,Marathon,42.2,,Chicago,United States,2008,2008-10-12,10,12
Chicago Marathon,Bank of America Chicago,run,Marathon,42.2,,Chicago,United States,2009,2009-10-11,10,11
Chicago Marathon,Bank of America Chicago,run,Marathon,42.2,,Chicago,United States,2010,2010-10-10,10,10
Chicago Marathon,Bank of America Chicago,run,Marathon,42.2,,Chicago,United States,2011,2011-10-09,10,9
Chicago Marathon,Bank of America Chicago,run,Marathon,42.2,,Chicago,United States,2012,2012-10-07,10,7
Chicago Marathon,Bank of America Chicago,run,Marathon,42.2,,Chicago,United States,2013,2013-10-13,10,13
Chicago Marathon,Bank of America Chicago,run,Marathon,42.2,,Chicago,United States,2014,2014-10-12,10,12
Chicago Marathon,Bank of America Chicago,run,Marathon,42.2,,Chicago,United States,2015,2015-10-11,10,11
Chicago Marathon,Bank of America Chicago,run,Marathon,42.2,,Chicago,United States,2016,2016-10-09,10,9
Chicago Marathon,Bank of America Chicago,run,Marathon,42.2,,Chicago,United States,2017,2017-10-08,10,8
Chicago Marathon,Bank of America Chicago,run,Marathon,42.2,,Chicago,United States,2018,2018-10-07,10,7
Chicago Marathon,Bank of America Chicago,run,Marathon,42.2,,Chicago,United States,2019,2019-10-13,10,13
Chicago Marathon,Bank of America Chicago,run,Marathon,42.2,,Chicago,United States,2021,2021-10-10,10,10
Chicago Marathon,Bank of America Chicago,run,Marathon,42.2,,Chicago,United States,2022,2022-10-09,10,9
Chicago Marathon,Bank of America Chicago,run,Marathon,42.2,,Chicago,United States,2023,2023-10-08,10,8
Chicago Marathon,Bank of America Chicago,run,Marathon,42.2,,Chicago,United States,2024,2024-10-13,10,13
Chicago Marathon,Bank of America Chicago,run,Marathon,42.2,,Chicago,United States,2025,2025-10-12,10,12
Chicago Marathon,Bank of America Chicago,run,Marathon,42.2,,Chicago,United States,2026,2026-10-11,10,11
Comrades Marathon,Comrades,run,Custom…,90,90K,Durban,South Africa,2022,2022-08-28,8,28
Comrades Marathon,Comrades,run,Custom…,90,90K,Durban,South Africa,2023,2023-06-11,6,11
Comrades Marathon,Comrades,run,Custom…,90,90K,Durban,South Africa,2024,2024-06-09,6,9
Comrades Marathon,Comrades,run,Custom…,90,90K,Durban,South Africa,2025,2025-06-08,6,8
Comrades Marathon,Comrades,run,Custom…,90,90K,Durban,South Africa,2026,2026-06-14,6,14
Copenhagen Marathon,Copenhagen,run,Marathon,42.2,,Copenhagen,Denmark,2023,2023-05-21,5,21
Copenhagen Marathon,Copenhagen,run,Marathon,42.2,,Copenhagen,Denmark,2024,2024-05-19,5,19
Copenhagen Marathon,Copenhagen,run,Marathon,42.2,,Copenhagen,Denmark,2025,2025-05-18,5,18
Copenhagen Marathon,Copenhagen,run,Marathon,42.2,,Copenhagen,Denmark,2026,2026-05-17,5,17
Delhi Half Marathon,ADHM | Airtel Delhi Half Marathon | Vedanta Delhi Half Marathon,run,10KM,10,,New Delhi,India,2017,2017-11-19,11,19
Delhi Half Marathon,ADHM | Airtel Delhi Half Marathon | Vedanta Delhi Half Marathon,run,10KM,10,,New Delhi,India,2018,2018-10-21,10,21
Delhi Half Marathon,ADHM | Airtel Delhi Half Marathon | Vedanta Delhi Half Marathon,run,10KM,10,,New Delhi,India,2019,2019-10-20,10,20
Delhi Half Marathon,ADHM | Airtel Delhi Half Marathon | Vedanta Delhi Half Marathon,run,10KM,10,,New Delhi,India,2020,2020-11-29,11,29
Delhi Half Marathon,ADHM | Airtel Delhi Half Marathon | Vedanta Delhi Half Marathon,run,10KM,10,,New Delhi,India,2022,2022-10-16,10,16
Delhi Half Marathon,ADHM | Airtel Delhi Half Marathon | Vedanta Delhi Half Marathon,run,10KM,10,,New Delhi,India,2023,2023-10-15,10,15
Delhi Half Marathon,ADHM | Airtel Delhi Half Marathon | Vedanta Delhi Half Marathon,run,10KM,10,,New Delhi,India,2024,2024-10-20,10,20
Delhi Half Marathon,ADHM | Airtel Delhi Half Marathon | Vedanta Delhi Half Marathon,run,10KM,10,,New Delhi,India,2025,2025-10-12,10,12
Delhi Half Marathon,ADHM | Airtel Delhi Half Marathon | Vedanta Delhi Half Marathon,run,Custom…,7,Great Delhi Run,New Delhi,India,2017,2017-11-19,11,19
Delhi Half Marathon,ADHM | Airtel Delhi Half Marathon | Vedanta Delhi Half Marathon,run,Custom…,7,Great Delhi Run,New Delhi,India,2018,2018-10-21,10,21
Delhi Half Marathon,ADHM | Airtel Delhi Half Marathon | Vedanta Delhi Half Marathon,run,Custom…,7,Great Delhi Run,New Delhi,India,2019,2019-10-20,10,20
Delhi Half Marathon,ADHM | Airtel Delhi Half Marathon | Vedanta Delhi Half Marathon,run,Custom…,7,Great Delhi Run,New Delhi,India,2020,2020-11-29,11,29
Delhi Half Marathon,ADHM | Airtel Delhi Half Marathon | Vedanta Delhi Half Marathon,run,Custom…,7,Great Delhi Run,New Delhi,India,2022,2022-10-16,10,16
Delhi Half Marathon,ADHM | Airtel Delhi Half Marathon | Vedanta Delhi Half Marathon,run,Custom…,7,Great Delhi Run,New Delhi,India,2023,2023-10-15,10,15
Delhi Half Marathon,ADHM | Airtel Delhi Half Marathon | Vedanta Delhi Half Marathon,run,Custom…,7,Great Delhi Run,New Delhi,India,2024,2024-10-20,10,20
Delhi Half Marathon,ADHM | Airtel Delhi Half Marathon | Vedanta Delhi Half Marathon,run,Custom…,7,Great Delhi Run,New Delhi,India,2025,2025-10-12,10,12
Delhi Half Marathon,Airtel Delhi Half | Vedanta Delhi Half | ADHM,run,Half Marathon,21.1,,New Delhi,India,2017,2017-11-19,11,19
Delhi Half Marathon,ADHM | Airtel Delhi Half Marathon | Vedanta Delhi Half Marathon,run,Half Marathon,21.1,,New Delhi,India,2017,2017-11-19,11,19
Delhi Half Marathon,Airtel Delhi Half | Vedanta Delhi Half | ADHM,run,Half Marathon,21.1,,New Delhi,India,2018,2018-10-21,10,21
Delhi Half Marathon,ADHM | Airtel Delhi Half Marathon | Vedanta Delhi Half Marathon,run,Half Marathon,21.1,,New Delhi,India,2018,2018-10-21,10,21
Delhi Half Marathon,Airtel Delhi Half | Vedanta Delhi Half | ADHM,run,Half Marathon,21.1,,New Delhi,India,2019,2019-10-20,10,20
Delhi Half Marathon,ADHM | Airtel Delhi Half Marathon | Vedanta Delhi Half Marathon,run,Half Marathon,21.1,,New Delhi,India,2019,2019-10-20,10,20
Delhi Half Marathon,Airtel Delhi Half | Vedanta Delhi Half | ADHM,run,Half Marathon,21.1,,New Delhi,India,2020,2020-11-29,11,29
Delhi Half Marathon,ADHM | Airtel Delhi Half Marathon | Vedanta Delhi Half Marathon,run,Half Marathon,21.1,,New Delhi,India,2020,2020-11-29,11,29
Delhi Half Marathon,Airtel Delhi Half | Vedanta Delhi Half | ADHM,run,Half Marathon,21.1,,New Delhi,India,2022,2022-10-16,10,16
Delhi Half Marathon,ADHM | Airtel Delhi Half Marathon | Vedanta Delhi Half Marathon,run,Half Marathon,21.1,,New Delhi,India,2022,2022-10-16,10,16
Delhi Half Marathon,Airtel Delhi Half | Vedanta Delhi Half | ADHM,run,Half Marathon,21.1,,New Delhi,India,2023,2023-10-15,10,15
Delhi Half Marathon,ADHM | Airtel Delhi Half Marathon | Vedanta Delhi Half Marathon,run,Half Marathon,21.1,,New Delhi,India,2023,2023-10-15,10,15
Delhi Half Marathon,Airtel Delhi Half | Vedanta Delhi Half | ADHM,run,Half Marathon,21.1,,New Delhi,India,2024,2024-10-20,10,20
Delhi Half Marathon,ADHM | Airtel Delhi Half Marathon | Vedanta Delhi Half Marathon,run,Half Marathon,21.1,,New Delhi,India,2024,2024-10-20,10,20
Delhi Half Marathon,Airtel Delhi Half | Vedanta Delhi Half | ADHM,run,Half Marathon,21.1,,New Delhi,India,2025,2025-10-12,10,12
Delhi Half Marathon,ADHM | Airtel Delhi Half Marathon | Vedanta Delhi Half Marathon,run,Half Marathon,21.1,,New Delhi,India,2025,2025-10-12,10,12
Dirty Kanza 200,Unbound Gravel | Dirty Kanza,cycle,Gran Fondo,322,,Emporia,United States,,,6,1
Dubai Creek Striders Half Marathon,DCS Half | Dubai Creek Half | Dubai Creek Striders,run,Half Marathon,21.1,,Dubai,United Arab Emirates,,,11,22
Dubai Marathon,Dubai,run,Marathon,42.2,,Dubai,United Arab Emirates,2022,2022-01-21,1,21
Dubai Marathon,Dubai,run,Marathon,42.2,,Dubai,United Arab Emirates,2023,2023-01-22,1,22
Dubai Marathon,Dubai,run,Marathon,42.2,,Dubai,United Arab Emirates,2024,2024-01-14,1,14
Dubai Marathon,Dubai,run,Marathon,42.2,,Dubai,United Arab Emirates,2025,2025-01-12,1,12
Dubai Marathon,Dubai,run,Marathon,42.2,,Dubai,United Arab Emirates,2026,2026-02-01,2,1
Dublin Marathon,Dublin,run,Marathon,42.2,,Dublin,Ireland,2022,2022-10-30,10,30
Dublin Marathon,Dublin,run,Marathon,42.2,,Dublin,Ireland,2023,2023-10-29,10,29
Dublin Marathon,Dublin,run,Marathon,42.2,,Dublin,Ireland,2024,2024-10-27,10,27
Dublin Marathon,Dublin,run,Marathon,42.2,,Dublin,Ireland,2025,2025-10-26,10,26
Edinburgh Marathon,Edinburgh,run,Marathon,42.2,,Edinburgh,United Kingdom,,,5,25
Everest Base Camp Marathon,EBC Marathon | Everest Marathon | EBC,run,Marathon,42.2,,Gorak Shep,Nepal,2022,2022-05-29,5,29
Everest Base Camp Marathon,EBC Marathon | Everest Marathon | EBC,run,Marathon,42.2,,Gorak Shep,Nepal,2023,2023-05-29,5,29
Everest Base Camp Marathon,EBC Marathon | Everest Marathon | EBC,run,Marathon,42.2,,Gorak Shep,Nepal,2024,2024-05-29,5,29
Everest Base Camp Marathon,EBC Marathon | Everest Marathon | EBC,run,Marathon,42.2,,Gorak Shep,Nepal,2025,2025-05-29,5,29
Everest Base Camp Marathon,EBC Marathon | Everest Marathon | EBC,run,Marathon,42.2,,Gorak Shep,Nepal,2026,2026-05-29,5,29
Fred Whitton Challenge,Fred Whitton,cycle,Gran Fondo,180,,Coniston,United Kingdom,,,5,11
Goa River Marathon,SKF Goa River Marathon | SKF-GRM,run,10KM,10,,Chicalim,India,2022,2022-12-11,12,11
Goa River Marathon,SKF Goa River Marathon | SKF-GRM,run,10KM,10,,Chicalim,India,2023,2023-12-10,12,10
Goa River Marathon,SKF Goa River Marathon | SKF-GRM,run,10KM,10,,Chicalim,India,2024,2024-12-08,12,8
Goa River Marathon,SKF Goa River Marathon | SKF-GRM,run,10KM,10,,Chicalim,India,2025,2025-12-14,12,14
Goa River Marathon,SKF Goa River Marathon | SKF-GRM,run,5KM,5,,Chicalim,India,2022,2022-12-11,12,11
Goa River Marathon,SKF Goa River Marathon | SKF-GRM,run,5KM,5,,Chicalim,India,2023,2023-12-10,12,10
Goa River Marathon,SKF Goa River Marathon | SKF-GRM,run,5KM,5,,Chicalim,India,2024,2024-12-08,12,8
Goa River Marathon,SKF Goa River Marathon | SKF-GRM,run,5KM,5,,Chicalim,India,2025,2025-12-14,12,14
Goa River Marathon,SKF Goa River Marathon | SKF-GRM,run,Custom…,32.2,20 Miler,Chicalim,India,2022,2022-12-11,12,11
Goa River Marathon,SKF Goa River Marathon | SKF-GRM,run,Custom…,32.2,20 Miler,Chicalim,India,2023,2023-12-10,12,10
Goa River Marathon,SKF Goa River Marathon | SKF-GRM,run,Custom…,32.2,20 Miler,Chicalim,India,2024,2024-12-08,12,8
Goa River Marathon,SKF Goa River Marathon | SKF-GRM,run,Custom…,32.2,20 Miler,Chicalim,India,2025,2025-12-14,12,14
Goa River Marathon,SKF Goa River Marathon | SKF-GRM,run,Half Marathon,21.1,,Chicalim,India,2022,2022-12-11,12,11
Goa River Marathon,SKF Goa River Marathon | SKF-GRM,run,Half Marathon,21.1,,Chicalim,India,2023,2023-12-10,12,10
Goa River Marathon,SKF Goa River Marathon | SKF-GRM,run,Half Marathon,21.1,,Chicalim,India,2024,2024-12-08,12,8
Goa River Marathon,SKF Goa River Marathon | SKF-GRM,run,Half Marathon,21.1,,Chicalim,India,2025,2025-12-14,12,14
Goa River Marathon,SKF Goa River Marathon | SKF-GRM,run,Marathon,42.2,,Chicalim,India,2022,2022-12-11,12,11
Goa River Marathon,SKF Goa River Marathon | SKF-GRM,run,Marathon,42.2,,Chicalim,India,2023,2023-12-10,12,10
Goa River Marathon,SKF Goa River Marathon | SKF-GRM,run,Marathon,42.2,,Chicalim,India,2024,2024-12-08,12,8
Goa River Marathon,SKF Goa River Marathon | SKF-GRM,run,Marathon,42.2,,Chicalim,India,2025,2025-12-14,12,14
Gold Coast Marathon,Gold Coast | GC Marathon,run,Marathon,42.2,,Gold Coast,Australia,2022,2022-07-03,7,3
Gold Coast Marathon,Gold Coast | GC Marathon,run,Marathon,42.2,,Gold Coast,Australia,2023,2023-07-02,7,2
Gold Coast Marathon,Gold Coast | GC Marathon,run,Marathon,42.2,,Gold Coast,Australia,2024,2024-06-30,6,30
Gold Coast Marathon,Gold Coast | GC Marathon,run,Marathon,42.2,,Gold Coast,Australia,2025,2025-07-06,7,6
Gold Coast Marathon,Gold Coast | GC Marathon,run,Marathon,42.2,,Gold Coast,Australia,2026,2026-07-05,7,5
Great North Run,Great North | GNR,run,Half Marathon,21.1,,Newcastle,United Kingdom,2022,2022-09-11,9,11
Great North Run,Great North | GNR,run,Half Marathon,21.1,,Newcastle,United Kingdom,2023,2023-09-10,9,10
Great North Run,Great North | GNR,run,Half Marathon,21.1,,Newcastle,United Kingdom,2024,2024-09-08,9,8
Great North Run,Great North | GNR,run,Half Marathon,21.1,,Newcastle,United Kingdom,2025,2025-09-07,9,7
Great North Run,Great North | GNR,run,Half Marathon,21.1,,Newcastle,United Kingdom,2026,2026-09-13,9,13
Haute Route Alps,Haute Route,cycle,Gran Fondo,900,,Geneva,Switzerland,,,8,24
Hyderabad Marathon,Airtel Hyderabad Marathon | NMDC Hyderabad Marathon,run,10KM,10,,Hyderabad,India,2017,2017-08-20,8,20
Hyderabad Marathon,Airtel Hyderabad Marathon | NMDC Hyderabad Marathon,run,10KM,10,,Hyderabad,India,2018,2018-08-26,8,26
Hyderabad Marathon,Airtel Hyderabad Marathon | NMDC Hyderabad Marathon,run,10KM,10,,Hyderabad,India,2019,2019-08-25,8,25
Hyderabad Marathon,Airtel Hyderabad Marathon | NMDC Hyderabad Marathon,run,10KM,10,,Hyderabad,India,2021,2021-11-28,11,28
Hyderabad Marathon,Airtel Hyderabad Marathon | NMDC Hyderabad Marathon,run,10KM,10,,Hyderabad,India,2022,2022-08-28,8,28
Hyderabad Marathon,Airtel Hyderabad Marathon | NMDC Hyderabad Marathon,run,10KM,10,,Hyderabad,India,2023,2023-08-27,8,27
Hyderabad Marathon,Airtel Hyderabad Marathon | NMDC Hyderabad Marathon,run,10KM,10,,Hyderabad,India,2024,2024-08-25,8,25
Hyderabad Marathon,Airtel Hyderabad Marathon | NMDC Hyderabad Marathon,run,10KM,10,,Hyderabad,India,2025,2025-08-24,8,24
Hyderabad Marathon,Airtel Hyderabad Marathon | NMDC Hyderabad Marathon,run,5KM,5,,Hyderabad,India,2017,2017-08-20,8,20
Hyderabad Marathon,Airtel Hyderabad Marathon | NMDC Hyderabad Marathon,run,5KM,5,,Hyderabad,India,2018,2018-08-26,8,26
Hyderabad Marathon,Airtel Hyderabad Marathon | NMDC Hyderabad Marathon,run,5KM,5,,Hyderabad,India,2019,2019-08-25,8,25
Hyderabad Marathon,Airtel Hyderabad Marathon | NMDC Hyderabad Marathon,run,5KM,5,,Hyderabad,India,2021,2021-11-28,11,28
Hyderabad Marathon,Airtel Hyderabad Marathon | NMDC Hyderabad Marathon,run,5KM,5,,Hyderabad,India,2022,2022-08-28,8,28
Hyderabad Marathon,Airtel Hyderabad Marathon | NMDC Hyderabad Marathon,run,5KM,5,,Hyderabad,India,2023,2023-08-27,8,27
Hyderabad Marathon,Airtel Hyderabad Marathon | NMDC Hyderabad Marathon,run,5KM,5,,Hyderabad,India,2024,2024-08-25,8,25
Hyderabad Marathon,Airtel Hyderabad Marathon | NMDC Hyderabad Marathon,run,5KM,5,,Hyderabad,India,2025,2025-08-24,8,24
Hyderabad Marathon,Airtel Hyderabad Marathon | NMDC Hyderabad Marathon,run,Half Marathon,21.1,,Hyderabad,India,2017,2017-08-20,8,20
Hyderabad Marathon,Airtel Hyderabad Marathon | NMDC Hyderabad Marathon,run,Half Marathon,21.1,,Hyderabad,India,2018,2018-08-26,8,26
Hyderabad Marathon,Airtel Hyderabad Marathon | NMDC Hyderabad Marathon,run,Half Marathon,21.1,,Hyderabad,India,2019,2019-08-25,8,25
Hyderabad Marathon,Airtel Hyderabad Marathon | NMDC Hyderabad Marathon,run,Half Marathon,21.1,,Hyderabad,India,2021,2021-11-28,11,28
Hyderabad Marathon,Airtel Hyderabad Marathon | NMDC Hyderabad Marathon,run,Half Marathon,21.1,,Hyderabad,India,2022,2022-08-28,8,28
Hyderabad Marathon,Airtel Hyderabad Marathon | NMDC Hyderabad Marathon,run,Half Marathon,21.1,,Hyderabad,India,2023,2023-08-27,8,27
Hyderabad Marathon,Airtel Hyderabad Marathon | NMDC Hyderabad Marathon,run,Half Marathon,21.1,,Hyderabad,India,2024,2024-08-25,8,25
Hyderabad Marathon,Airtel Hyderabad Marathon | NMDC Hyderabad Marathon,run,Half Marathon,21.1,,Hyderabad,India,2025,2025-08-24,8,24
Hyderabad Marathon,Hyderabad,run,Marathon,42.2,,Hyderabad,India,2017,2017-08-20,8,20
Hyderabad Marathon,Airtel Hyderabad Marathon | NMDC Hyderabad Marathon,run,Marathon,42.2,,Hyderabad,India,2017,2017-08-20,8,20
Hyderabad Marathon,Hyderabad,run,Marathon,42.2,,Hyderabad,India,2018,2018-08-26,8,26
Hyderabad Marathon,Airtel Hyderabad Marathon | NMDC Hyderabad Marathon,run,Marathon,42.2,,Hyderabad,India,2018,2018-08-26,8,26
Hyderabad Marathon,Hyderabad,run,Marathon,42.2,,Hyderabad,India,2019,2019-08-25,8,25
Hyderabad Marathon,Airtel Hyderabad Marathon | NMDC Hyderabad Marathon,run,Marathon,42.2,,Hyderabad,India,2019,2019-08-25,8,25
Hyderabad Marathon,Hyderabad,run,Marathon,42.2,,Hyderabad,India,2021,2021-11-28,11,28
Hyderabad Marathon,Airtel Hyderabad Marathon | NMDC Hyderabad Marathon,run,Marathon,42.2,,Hyderabad,India,2021,2021-11-28,11,28
Hyderabad Marathon,Hyderabad,run,Marathon,42.2,,Hyderabad,India,2022,2022-08-28,8,28
Hyderabad Marathon,Airtel Hyderabad Marathon | NMDC Hyderabad Marathon,run,Marathon,42.2,,Hyderabad,India,2022,2022-08-28,8,28
Hyderabad Marathon,Hyderabad,run,Marathon,42.2,,Hyderabad,India,2023,2023-08-27,8,27
Hyderabad Marathon,Airtel Hyderabad Marathon | NMDC Hyderabad Marathon,run,Marathon,42.2,,Hyderabad,India,2023,2023-08-27,8,27
Hyderabad Marathon,Hyderabad,run,Marathon,42.2,,Hyderabad,India,2024,2024-08-25,8,25
Hyderabad Marathon,Airtel Hyderabad Marathon | NMDC Hyderabad Marathon,run,Marathon,42.2,,Hyderabad,India,2024,2024-08-25,8,25
Hyderabad Marathon,Hyderabad,run,Marathon,42.2,,Hyderabad,India,2025,2025-08-24,8,24
Hyderabad Marathon,Airtel Hyderabad Marathon | NMDC Hyderabad Marathon,run,Marathon,42.2,,Hyderabad,India,2025,2025-08-24,8,24
HYROX Abu Dhabi,Hyrox Abu Dhabi,hyrox,Solo Open,8,,Abu Dhabi,United Arab Emirates,2024,2024-05-17,5,17
HYROX Abu Dhabi,Hyrox Abu Dhabi,hyrox,Solo Open,8,,Abu Dhabi,United Arab Emirates,2025,2025-05-16,5,16
HYROX Abu Dhabi,Hyrox Abu Dhabi,hyrox,Solo Open,8,,Abu Dhabi,United Arab Emirates,2026,2026-05-15,5,15
HYROX Chicago,Hyrox Chicago,hyrox,Solo Open,8,,Chicago,United States,,,10,25
HYROX Dubai,Hyrox Dubai,hyrox,Solo Open,8,,Dubai,United Arab Emirates,2023,2023-11-10,11,10
HYROX Dubai,Hyrox Dubai,hyrox,Solo Open,8,,Dubai,United Arab Emirates,2024,2024-11-08,11,8
HYROX Dubai,Hyrox Dubai,hyrox,Solo Open,8,,Dubai,United Arab Emirates,2025,2025-11-07,11,7
HYROX Frankfurt,Hyrox Frankfurt,hyrox,Solo Open,8,,Frankfurt,Germany,,,11,22
HYROX London,Hyrox London,hyrox,Solo Open,8,,London,United Kingdom,,,1,18
HYROX New York,Hyrox NYC | Hyrox New York,hyrox,Solo Open,8,,New York,United States,,,3,8
HYROX Sydney,Hyrox Sydney,hyrox,Solo Open,8,,Sydney,Australia,,,9,13
IEM-UEM Kolkata Marathon,,run,10KM,10,,Kolkata,India,2026,2026-02-22,2,22
IEM-UEM Kolkata Marathon,,run,5KM,5,,Kolkata,India,2026,2026-02-22,2,22
IEM-UEM Kolkata Marathon,,run,Half Marathon,21.1,,Kolkata,India,2026,2026-02-22,2,22
IEM-UEM Kolkata Marathon,,run,Marathon,42.2,,Kolkata,India,2026,2026-02-22,2,22
Indore Marathon,Union Bank of India Indore Marathon,run,10KM,10,,Indore,India,2023,2023-02-05,2,5
Indore Marathon,Union Bank of India Indore Marathon,run,10KM,10,,Indore,India,2024,2024-02-04,2,4
Indore Marathon,Union Bank of India Indore Marathon,run,10KM,10,,Indore,India,2025,2025-02-02,2,2
Indore Marathon,Union Bank of India Indore Marathon,run,10KM,10,,Indore,India,2026,2026-02-01,2,1
Indore Marathon,Union Bank of India Indore Marathon,run,5KM,5,,Indore,India,2023,2023-02-05,2,5
Indore Marathon,Union Bank of India Indore Marathon,run,5KM,5,,Indore,India,2024,2024-02-04,2,4
Indore Marathon,Union Bank of India Indore Marathon,run,5KM,5,,Indore,India,2025,2025-02-02,2,2
Indore Marathon,Union Bank of India Indore Marathon,run,5KM,5,,Indore,India,2026,2026-02-01,2,1
Indore Marathon,Union Bank of India Indore Marathon,run,Half Marathon,21.1,,Indore,India,2023,2023-02-05,2,5
Indore Marathon,Union Bank of India Indore Marathon,run,Half Marathon,21.1,,Indore,India,2024,2024-02-04,2,4
Indore Marathon,Union Bank of India Indore Marathon,run,Half Marathon,21.1,,Indore,India,2025,2025-02-02,2,2
Indore Marathon,Union Bank of India Indore Marathon,run,Half Marathon,21.1,,Indore,India,2026,2026-02-01,2,1
Ironman 70.3 Aix-en-Provence,IM 70.3 Aix | IM 70.3 Provence,tri,Middle Distance,113,,Aix-en-Provence,France,,,5,18
Ironman 70.3 Bahrain,IM 70.3 Bahrain,tri,Middle Distance,113,,Manama,Bahrain,2022,2022-11-26,11,26
Ironman 70.3 Bahrain,IM 70.3 Bahrain,tri,Middle Distance,113,,Manama,Bahrain,2023,2023-11-25,11,25
Ironman 70.3 Bahrain,IM 70.3 Bahrain,tri,Middle Distance,113,,Manama,Bahrain,2024,2024-11-23,11,23
Ironman 70.3 Bahrain,IM 70.3 Bahrain,tri,Middle Distance,113,,Manama,Bahrain,2025,2025-11-22,11,22
Ironman 70.3 Bolton,IM 70.3 Bolton | IM 70.3 UK,tri,Middle Distance,113,,Bolton,United Kingdom,,,6,8
Ironman 70.3 Calgary,IM 70.3 Calgary,tri,Middle Distance,113,,Calgary,Canada,,,7,27
Ironman 70.3 Dubai,IM 70.3 Dubai,tri,Middle Distance,113,,Dubai,United Arab Emirates,2022,2022-01-07,1,7
Ironman 70.3 Dubai,IM 70.3 Dubai,tri,Middle Distance,113,,Dubai,United Arab Emirates,2023,2023-02-03,2,3
Ironman 70.3 Dubai,IM 70.3 Dubai,tri,Middle Distance,113,,Dubai,United Arab Emirates,2024,2024-02-02,2,2
Ironman 70.3 Dubai,IM 70.3 Dubai,tri,Middle Distance,113,,Dubai,United Arab Emirates,2025,2025-02-01,2,1
Ironman 70.3 Dubai,IM 70.3 Dubai,tri,Middle Distance,113,,Dubai,United Arab Emirates,2026,2026-01-31,1,31
Ironman 70.3 Elsinore,IM 70.3 Elsinore | IM 70.3 Denmark,tri,Middle Distance,113,,Helsingør,Denmark,,,6,22
Ironman 70.3 Geelong,IM 70.3 Geelong,tri,Middle Distance,113,,Geelong,Australia,2022,2022-02-06,2,6
Ironman 70.3 Geelong,IM 70.3 Geelong,tri,Middle Distance,113,,Geelong,Australia,2023,2023-02-26,2,26
Ironman 70.3 Geelong,IM 70.3 Geelong,tri,Middle Distance,113,,Geelong,Australia,2024,2024-03-24,3,24
Ironman 70.3 Geelong,IM 70.3 Geelong,tri,Middle Distance,113,,Geelong,Australia,2025,2025-03-23,3,23
Ironman 70.3 Geelong,IM 70.3 Geelong,tri,Middle Distance,113,,Geelong,Australia,2026,2026-03-22,3,22
Ironman 70.3 Jönköping,IM 70.3 Jonkoping | IM 70.3 European Championship,tri,Middle Distance,113,,Jönköping,Sweden,,,7,6
Ironman 70.3 Kraichgau,IM 70.3 Kraichgau,tri,Middle Distance,113,,Kraichgau,Germany,2023,2023-05-28,5,28
Ironman 70.3 Kraichgau,IM 70.3 Kraichgau,tri,Middle Distance,113,,Kraichgau,Germany,2024,2024-05-26,5,26
Ironman 70.3 Kraichgau,IM 70.3 Kraichgau,tri,Middle Distance,113,,Kraichgau,Germany,2025,2025-05-25,5,25
Ironman 70.3 Kraichgau,IM 70.3 Kraichgau,tri,Middle Distance,113,,Kraichgau,Germany,2026,2026-05-24,5,24
Ironman 70.3 Maine,IM 70.3 Maine,tri,Middle Distance,113,,Old Orchard Beach,United States,,,7,27
Ironman 70.3 Mallorca,IM 70.3 Mallorca | IM 70.3 Alcudia,tri,Middle Distance,113,,Alcúdia,Spain,2023,2023-05-06,5,6
Ironman 70.3 Mallorca,IM 70.3 Mallorca | IM 70.3 Alcudia,tri,Middle Distance,113,,Alcúdia,Spain,2024,2024-05-11,5,11
Ironman 70.3 Mallorca,IM 70.3 Mallorca | IM 70.3 Alcudia,tri,Middle Distance,113,,Alcúdia,Spain,2025,2025-05-10,5,10
Ironman 70.3 Mallorca,IM 70.3 Mallorca | IM 70.3 Alcudia,tri,Middle Distance,113,,Alcúdia,Spain,2026,2026-05-09,5,9
Ironman 70.3 Muncie,IM 70.3 Muncie,tri,Middle Distance,113,,Muncie,United States,,,7,12
Ironman 70.3 Musselman,IM 70.3 Musselman,tri,Middle Distance,113,,Geneva,United States,,,7,13
Ironman 70.3 Nice,IM 70.3 Nice,tri,Middle Distance,113,,Nice,France,,,6,29
Ironman 70.3 Oceanside,IM 70.3 Oceanside | IM 70.3 California,tri,Middle Distance,113,,Oceanside,United States,2022,2022-04-02,4,2
Ironman 70.3 Oceanside,IM 70.3 Oceanside | IM 70.3 California,tri,Middle Distance,113,,Oceanside,United States,2023,2023-04-01,4,1
Ironman 70.3 Oceanside,IM 70.3 Oceanside | IM 70.3 California,tri,Middle Distance,113,,Oceanside,United States,2024,2024-03-30,3,30
Ironman 70.3 Oceanside,IM 70.3 Oceanside | IM 70.3 California,tri,Middle Distance,113,,Oceanside,United States,2025,2025-03-29,3,29
Ironman 70.3 Oceanside,IM 70.3 Oceanside | IM 70.3 California,tri,Middle Distance,113,,Oceanside,United States,2026,2026-03-28,3,28
Ironman 70.3 Ohio,IM 70.3 Ohio,tri,Middle Distance,113,,Maumee,United States,,,7,20
Ironman 70.3 Oman,IM 70.3 Oman,tri,Middle Distance,113,,Muscat,Oman,,,2,8
Ironman 70.3 Oregon,IM 70.3 Oregon,tri,Middle Distance,113,,Bend,United States,,,7,20
Ironman 70.3 Pennsylvania,IM 70.3 Pennsylvania | IM 70.3 Happy Valley,tri,Middle Distance,113,,State College,United States,,,6,15
Ironman 70.3 Switzerland,IM 70.3 Switzerland | IM 70.3 Rapperswil,tri,Middle Distance,113,,Rapperswil-Jona,Switzerland,,,6,1
Ironman 70.3 Tours,IM 70.3 Tours | IM 70.3 Loire Valley,tri,Middle Distance,113,,Tours,France,,,6,1
Ironman 70.3 Valencia,IM 70.3 Valencia,tri,Middle Distance,113,,Valencia,Spain,,,4,27
Ironman 70.3 Venice-Jesolo,IM 70.3 Venice | IM 70.3 Jesolo,tri,Middle Distance,113,,Jesolo,Italy,,,5,4
Ironman 70.3 Warsaw,IM 70.3 Warsaw,tri,Middle Distance,113,,Warsaw,Poland,,,6,8
Ironman 70.3 World Championship,70.3 Worlds,tri,Middle Distance,113,,Taupo,New Zealand,2022,2022-10-29,10,29
Ironman 70.3 World Championship,70.3 Worlds,tri,Middle Distance,113,,Taupo,New Zealand,2023,2023-10-28,10,28
Ironman 70.3 World Championship,70.3 Worlds,tri,Middle Distance,113,,Taupo,New Zealand,2024,2024-12-07,12,7
Ironman 70.3 World Championship,70.3 Worlds,tri,Middle Distance,113,,Taupo,New Zealand,2025,2025-11-22,11,22
Ironman Australia,IM Australia | IM Port Mac,tri,Full Distance,226,,Port Macquarie,Australia,,,5,4
Ironman Copenhagen,IM Copenhagen,tri,Full Distance,226,,Copenhagen,Denmark,,,8,18
Ironman Cozumel,IM Cozumel,tri,Full Distance,226,,Cozumel,Mexico,2022,2022-11-27,11,27
Ironman Cozumel,IM Cozumel,tri,Full Distance,226,,Cozumel,Mexico,2023,2023-11-26,11,26
Ironman Cozumel,IM Cozumel,tri,Full Distance,226,,Cozumel,Mexico,2024,2024-11-24,11,24
Ironman Cozumel,IM Cozumel,tri,Full Distance,226,,Cozumel,Mexico,2025,2025-11-23,11,23
Ironman Florida,IM Florida | IMFL,tri,Full Distance,226,,Panama City Beach,United States,,,11,1
Ironman Frankfurt,Ironman Germany | IM Frankfurt,tri,Full Distance,226,,Frankfurt,Germany,2022,2022-07-03,7,3
Ironman Frankfurt,Ironman Germany | IM Frankfurt,tri,Full Distance,226,,Frankfurt,Germany,2023,2023-07-02,7,2
Ironman Frankfurt,Ironman Germany | IM Frankfurt,tri,Full Distance,226,,Frankfurt,Germany,2024,2024-06-30,6,30
Ironman Frankfurt,Ironman Germany | IM Frankfurt,tri,Full Distance,226,,Frankfurt,Germany,2025,2025-06-29,6,29
Ironman Frankfurt,Ironman Germany | IM Frankfurt,tri,Full Distance,226,,Frankfurt,Germany,2026,2026-06-28,6,28
Ironman Hamburg,IM Hamburg | Ironman European Championship,tri,Full Distance,226,,Hamburg,Germany,2023,2023-06-04,6,4
Ironman Hamburg,IM Hamburg | Ironman European Championship,tri,Full Distance,226,,Hamburg,Germany,2024,2024-06-02,6,2
Ironman Hamburg,IM Hamburg | Ironman European Championship,tri,Full Distance,226,,Hamburg,Germany,2025,2025-06-01,6,1
Ironman Hamburg,IM Hamburg | Ironman European Championship,tri,Full Distance,226,,Hamburg,Germany,2026,2026-05-31,5,31
Ironman Kalmar,IM Kalmar,tri,Full Distance,226,,Kalmar,Sweden,,,8,17
Ironman Klagenfurt,IM Klagenfurt | Ironman Austria | Ironman Kärnten,tri,Full Distance,226,,Klagenfurt,Austria,,,6,15
Ironman Lake Placid,IM Lake Placid,tri,Full Distance,226,,Lake Placid,United States,,,7,20
Ironman Lanzarote,Club La Santa Ironman | IM Lanzarote,tri,Full Distance,226,,Lanzarote,Spain,2023,2023-05-20,5,20
Ironman Lanzarote,Club La Santa Ironman | IM Lanzarote,tri,Full Distance,226,,Lanzarote,Spain,2024,2024-05-18,5,18
Ironman Lanzarote,Club La Santa Ironman | IM Lanzarote,tri,Full Distance,226,,Lanzarote,Spain,2025,2025-05-17,5,17
Ironman Lanzarote,Club La Santa Ironman | IM Lanzarote,tri,Full Distance,226,,Lanzarote,Spain,2026,2026-05-16,5,16
Ironman Les Sables d'Olonne,IM Les Sables | Ironman Vendée,tri,Full Distance,226,,Les Sables d'Olonne,France,,,6,22
Ironman Malaysia,IM Malaysia | Ironman Langkawi,tri,Full Distance,226,,Langkawi,Malaysia,2023,2023-11-04,11,4
Ironman Malaysia,IM Malaysia | Ironman Langkawi,tri,Full Distance,226,,Langkawi,Malaysia,2024,2024-11-02,11,2
Ironman Malaysia,IM Malaysia | Ironman Langkawi,tri,Full Distance,226,,Langkawi,Malaysia,2025,2025-11-01,11,1
Ironman Malaysia,IM Malaysia | Ironman Langkawi,tri,Full Distance,226,,Langkawi,Malaysia,2026,2026-10-31,10,31
Ironman Maryland,IM Maryland,tri,Full Distance,226,,Cambridge,United States,,,9,20
Ironman New Zealand,IM New Zealand | IM Taupo | ANZCO Ironman NZ,tri,Full Distance,226,,Taupō,New Zealand,2023,2023-03-04,3,4
Ironman New Zealand,IM New Zealand | IM Taupo | ANZCO Ironman NZ,tri,Full Distance,226,,Taupō,New Zealand,2024,2024-03-02,3,2
Ironman New Zealand,IM New Zealand | IM Taupo | ANZCO Ironman NZ,tri,Full Distance,226,,Taupō,New Zealand,2025,2025-03-01,3,1
Ironman New Zealand,IM New Zealand | IM Taupo | ANZCO Ironman NZ,tri,Full Distance,226,,Taupō,New Zealand,2026,2026-03-07,3,7
Ironman Nice,IM Nice,tri,Full Distance,226,,Nice,France,2023,2023-06-25,6,25
Ironman Nice,IM Nice,tri,Full Distance,226,,Nice,France,2024,2024-06-23,6,23
Ironman Nice,IM Nice,tri,Full Distance,226,,Nice,France,2025,2025-06-29,6,29
Ironman Nice,IM Nice,tri,Full Distance,226,,Nice,France,2026,2026-06-28,6,28
Ironman South Africa,IM South Africa | ISUZU Ironman SA,tri,Full Distance,226,,Port Elizabeth,South Africa,2023,2023-04-02,4,2
Ironman South Africa,IM South Africa | ISUZU Ironman SA,tri,Full Distance,226,,Port Elizabeth,South Africa,2024,2024-03-24,3,24
Ironman South Africa,IM South Africa | ISUZU Ironman SA,tri,Full Distance,226,,Port Elizabeth,South Africa,2025,2025-03-30,3,30
Ironman South Africa,IM South Africa | ISUZU Ironman SA,tri,Full Distance,226,,Port Elizabeth,South Africa,2026,2026-03-29,3,29
Ironman Switzerland,IM Switzerland | IM Zurich,tri,Full Distance,226,,Zurich,Switzerland,2023,2023-07-09,7,9
Ironman Switzerland,IM Switzerland | IM Zurich,tri,Full Distance,226,,Zurich,Switzerland,2024,2024-07-07,7,7
Ironman Switzerland,IM Switzerland | IM Zurich,tri,Full Distance,226,,Zurich,Switzerland,2025,2025-07-06,7,6
Ironman Switzerland,IM Switzerland | IM Zurich,tri,Full Distance,226,,Zurich,Switzerland,2026,2026-07-05,7,5
Ironman Switzerland Thun,IM Thun | Ironman Thun,tri,Full Distance,226,,Thun,Switzerland,,,8,24
Ironman Texas,IM Texas | Ironman North American Championship,tri,Full Distance,226,,The Woodlands,United States,,,4,5
Ironman UK,IM UK | IM Bolton,tri,Full Distance,226,,Bolton,United Kingdom,,,7,20
Ironman Vitoria-Gasteiz,IM Vitoria | Ironman Spain,tri,Full Distance,226,,Vitoria-Gasteiz,Spain,,,7,13
Ironman Western Australia,IM Western Australia | IM Busselton,tri,Full Distance,226,,Busselton,Australia,,,12,7
Ironman Wisconsin,IM Wisconsin,tri,Full Distance,226,,Madison,United States,,,9,7
Ironman World Championship,Kona | Ironman Kona | IMWC,tri,Full Distance,226,,Kailua-Kona,United States,2022,2022-10-08,10,8
Ironman World Championship,Kona | Ironman Kona | IMWC,tri,Full Distance,226,,Kailua-Kona,United States,2023,2023-10-14,10,14
Ironman World Championship,Kona | Ironman Kona | IMWC,tri,Full Distance,226,,Kailua-Kona,United States,2024,2024-10-26,10,26
Ironman World Championship,Kona | Ironman Kona | IMWC,tri,Full Distance,226,,Kailua-Kona,United States,2025,2025-10-11,10,11
Ironman World Championship,Kona | Ironman Kona | IMWC,tri,Full Distance,226,,Kailua-Kona,United States,2026,2026-10-10,10,10
Ironman World Championship Women,Ironman Worlds Women | IM Worlds Nice,tri,Full Distance,226,,Nice,France,2023,2023-10-07,10,7
Ironman World Championship Women,Ironman Worlds Women | IM Worlds Nice,tri,Full Distance,226,,Nice,France,2024,2024-09-14,9,14
Ironman World Championship Women,Ironman Worlds Women | IM Worlds Nice,tri,Full Distance,226,,Nice,France,2025,2025-09-13,9,13
Jaipur Marathon,AU Bank Jaipur Marathon | AU Jaipur Marathon,run,10KM,10,,Jaipur,India,2021,2021-02-14,2,14
Jaipur Marathon,AU Bank Jaipur Marathon | AU Jaipur Marathon,run,10KM,10,,Jaipur,India,2022,2022-03-13,3,13
Jaipur Marathon,AU Bank Jaipur Marathon | AU Jaipur Marathon,run,10KM,10,,Jaipur,India,2023,2023-02-05,2,5
Jaipur Marathon,AU Bank Jaipur Marathon | AU Jaipur Marathon,run,10KM,10,,Jaipur,India,2024,2024-02-04,2,4
Jaipur Marathon,AU Bank Jaipur Marathon | AU Jaipur Marathon,run,10KM,10,,Jaipur,India,2025,2025-02-02,2,2
Jaipur Marathon,AU Bank Jaipur Marathon | AU Jaipur Marathon,run,10KM,10,,Jaipur,India,2026,2026-02-01,2,1
Jaipur Marathon,AU Bank Jaipur Marathon | AU Jaipur Marathon,run,5KM,5,,Jaipur,India,2021,2021-02-14,2,14
Jaipur Marathon,AU Bank Jaipur Marathon | AU Jaipur Marathon,run,5KM,5,,Jaipur,India,2022,2022-03-13,3,13
Jaipur Marathon,AU Bank Jaipur Marathon | AU Jaipur Marathon,run,5KM,5,,Jaipur,India,2023,2023-02-05,2,5
Jaipur Marathon,AU Bank Jaipur Marathon | AU Jaipur Marathon,run,5KM,5,,Jaipur,India,2024,2024-02-04,2,4
Jaipur Marathon,AU Bank Jaipur Marathon | AU Jaipur Marathon,run,5KM,5,,Jaipur,India,2025,2025-02-02,2,2
Jaipur Marathon,AU Bank Jaipur Marathon | AU Jaipur Marathon,run,5KM,5,,Jaipur,India,2026,2026-02-01,2,1
Jaipur Marathon,AU Bank Jaipur Marathon | AU Jaipur Marathon,run,Custom…,6,6KM,Jaipur,India,2021,2021-02-14,2,14
Jaipur Marathon,AU Bank Jaipur Marathon | AU Jaipur Marathon,run,Custom…,6,6KM,Jaipur,India,2022,2022-03-13,3,13
Jaipur Marathon,AU Bank Jaipur Marathon | AU Jaipur Marathon,run,Custom…,6,6KM,Jaipur,India,2023,2023-02-05,2,5
Jaipur Marathon,AU Bank Jaipur Marathon | AU Jaipur Marathon,run,Custom…,6,6KM,Jaipur,India,2024,2024-02-04,2,4
Jaipur Marathon,AU Bank Jaipur Marathon | AU Jaipur Marathon,run,Custom…,6,6KM,Jaipur,India,2025,2025-02-02,2,2
Jaipur Marathon,AU Bank Jaipur Marathon | AU Jaipur Marathon,run,Custom…,6,6KM,Jaipur,India,2026,2026-02-01,2,1
Jaipur Marathon,AU Bank Jaipur Marathon | AU Jaipur Marathon,run,Half Marathon,21.1,,Jaipur,India,2021,2021-02-14,2,14
Jaipur Marathon,AU Bank Jaipur Marathon | AU Jaipur Marathon,run,Half Marathon,21.1,,Jaipur,India,2022,2022-03-13,3,13
Jaipur Marathon,AU Bank Jaipur Marathon | AU Jaipur Marathon,run,Half Marathon,21.1,,Jaipur,India,2023,2023-02-05,2,5
Jaipur Marathon,AU Bank Jaipur Marathon | AU Jaipur Marathon,run,Half Marathon,21.1,,Jaipur,India,2024,2024-02-04,2,4
Jaipur Marathon,AU Bank Jaipur Marathon | AU Jaipur Marathon,run,Half Marathon,21.1,,Jaipur,India,2025,2025-02-02,2,2
Jaipur Marathon,AU Bank Jaipur Marathon | AU Jaipur Marathon,run,Half Marathon,21.1,,Jaipur,India,2026,2026-02-01,2,1
Jaipur Marathon,Jaipur,run,Marathon,42.2,,Jaipur,India,2021,2021-02-14,2,14
Jaipur Marathon,AU Bank Jaipur Marathon | AU Jaipur Marathon,run,Marathon,42.2,,Jaipur,India,2021,2021-02-14,2,14
Jaipur Marathon,Jaipur,run,Marathon,42.2,,Jaipur,India,2022,2022-03-13,3,13
Jaipur Marathon,AU Bank Jaipur Marathon | AU Jaipur Marathon,run,Marathon,42.2,,Jaipur,India,2022,2022-03-13,3,13
Jaipur Marathon,Jaipur,run,Marathon,42.2,,Jaipur,India,2023,2023-02-05,2,5
Jaipur Marathon,AU Bank Jaipur Marathon | AU Jaipur Marathon,run,Marathon,42.2,,Jaipur,India,2023,2023-02-05,2,5
Jaipur Marathon,Jaipur,run,Marathon,42.2,,Jaipur,India,2024,2024-02-04,2,4
Jaipur Marathon,AU Bank Jaipur Marathon | AU Jaipur Marathon,run,Marathon,42.2,,Jaipur,India,2024,2024-02-04,2,4
Jaipur Marathon,Jaipur,run,Marathon,42.2,,Jaipur,India,2025,2025-02-02,2,2
Jaipur Marathon,AU Bank Jaipur Marathon | AU Jaipur Marathon,run,Marathon,42.2,,Jaipur,India,2025,2025-02-02,2,2
Jaipur Marathon,Jaipur,run,Marathon,42.2,,Jaipur,India,2026,2026-02-01,2,1
Jaipur Marathon,AU Bank Jaipur Marathon | AU Jaipur Marathon,run,Marathon,42.2,,Jaipur,India,2026,2026-02-01,2,1
JBG Durgapur,JBG Durgapur 10K | JBG Durgapur Marathon,run,10KM,10,,Durgapur,India,2022,2022-12-18,12,18
JBG Durgapur,JBG Durgapur 10K | JBG Durgapur Marathon,run,10KM,10,,Durgapur,India,2023,2023-12-17,12,17
JBG Durgapur,JBG Durgapur 10K | JBG Durgapur Marathon,run,10KM,10,,Durgapur,India,2024,2024-12-22,12,22
JBG Durgapur,JBG Durgapur 10K | JBG Durgapur Marathon,run,10KM,10,,Durgapur,India,2026,2026-01-11,1,11
JBG Durgapur,JBG Durgapur 10K | JBG Durgapur Marathon,run,Marathon,42.2,,Durgapur,India,2022,2022-12-18,12,18
JBG Durgapur,JBG Durgapur 10K | JBG Durgapur Marathon,run,Marathon,42.2,,Durgapur,India,2023,2023-12-17,12,17
JBG Durgapur,JBG Durgapur 10K | JBG Durgapur Marathon,run,Marathon,42.2,,Durgapur,India,2024,2024-12-22,12,22
JBG Durgapur,JBG Durgapur 10K | JBG Durgapur Marathon,run,Marathon,42.2,,Durgapur,India,2026,2026-01-11,1,11
JBG Kolkata Marathon,JBG Kolkata World 10K,run,10KM,10,,Kolkata,India,2023,2023-11-26,11,26
JBG Kolkata Marathon,JBG Kolkata World 10K,run,10KM,10,,Kolkata,India,2024,2024-11-24,11,24
JBG Kolkata Marathon,JBG Kolkata World 10K,run,10KM,10,,Kolkata,India,2025,2025-11-30,11,30
JBG Kolkata Marathon,JBG Kolkata World 10K,run,5KM,5,,Kolkata,India,2023,2023-11-26,11,26
JBG Kolkata Marathon,JBG Kolkata World 10K,run,5KM,5,,Kolkata,India,2024,2024-11-24,11,24
JBG Kolkata Marathon,JBG Kolkata World 10K,run,5KM,5,,Kolkata,India,2025,2025-11-30,11,30
JBG Kolkata Marathon,JBG Kolkata World 10K,run,Half Marathon,21.1,,Kolkata,India,2023,2023-11-26,11,26
JBG Kolkata Marathon,JBG Kolkata World 10K,run,Half Marathon,21.1,,Kolkata,India,2024,2024-11-24,11,24
JBG Kolkata Marathon,JBG Kolkata World 10K,run,Half Marathon,21.1,,Kolkata,India,2025,2025-11-30,11,30
Kochi Marathon,Standard Chartered Kochi | TATA Kochi | Kochi,run,Marathon,42.2,,Kochi,India,,,1,26
L'Alpe d'Huez Triathlon,Alpe d'Huez Tri,tri,Full Distance,226,,L'Alpe d'Huez,France,,,7,17
L'Étape du Tour,Etape du Tour | L'Etape,cycle,Gran Fondo,145,,Albertville,France,2022,2022-07-10,7,10
L'Étape du Tour,Etape du Tour | L'Etape,cycle,Gran Fondo,145,,Albertville,France,2023,2023-07-09,7,9
L'Étape du Tour,Etape du Tour | L'Etape,cycle,Gran Fondo,145,,Albertville,France,2024,2024-07-14,7,14
L'Étape du Tour,Etape du Tour | L'Etape,cycle,Gran Fondo,145,,Albertville,France,2025,2025-07-13,7,13
L'Étape du Tour,Etape du Tour | L'Etape,cycle,Gran Fondo,145,,Albertville,France,2026,2026-07-12,7,12
La Marmotte,Marmotte | Granfondo Marmotte,cycle,Gran Fondo,174,,Bourg d'Oisans,France,,,7,5
Ladakh Marathon,Ladakh Marathon & Ultra,run,5KM,5,,Leh,India,2022,2022-09-07,9,7
Ladakh Marathon,Ladakh Marathon & Ultra,run,5KM,5,,Leh,India,2023,2023-09-07,9,7
Ladakh Marathon,Ladakh Marathon & Ultra,run,5KM,5,,Leh,India,2024,2024-09-05,9,5
Ladakh Marathon,Ladakh Marathon & Ultra,run,5KM,5,,Leh,India,2025,2025-09-14,9,14
Ladakh Marathon,Ladakh Marathon & Ultra,run,Custom…,11.2,11.2KM,Leh,India,2022,2022-09-07,9,7
Ladakh Marathon,Ladakh Marathon & Ultra,run,Custom…,72,Khardung La Challenge,Leh,India,2022,2022-09-07,9,7
Ladakh Marathon,Ladakh Marathon & Ultra,run,Custom…,122,Silk Route Ultra,Leh,India,2022,2022-09-07,9,7
Ladakh Marathon,Ladakh Marathon & Ultra,run,Custom…,11.2,11.2KM,Leh,India,2023,2023-09-07,9,7
Ladakh Marathon,Ladakh Marathon & Ultra,run,Custom…,72,Khardung La Challenge,Leh,India,2023,2023-09-07,9,7
Ladakh Marathon,Ladakh Marathon & Ultra,run,Custom…,122,Silk Route Ultra,Leh,India,2023,2023-09-07,9,7
Ladakh Marathon,Ladakh Marathon & Ultra,run,Custom…,11.2,11.2KM,Leh,India,2024,2024-09-05,9,5
Ladakh Marathon,Ladakh Marathon & Ultra,run,Custom…,72,Khardung La Challenge,Leh,India,2024,2024-09-05,9,5
Ladakh Marathon,Ladakh Marathon & Ultra,run,Custom…,122,Silk Route Ultra,Leh,India,2024,2024-09-05,9,5
Ladakh Marathon,Ladakh Marathon & Ultra,run,Custom…,11.2,11.2KM,Leh,India,2025,2025-09-14,9,14
Ladakh Marathon,Ladakh Marathon & Ultra,run,Custom…,72,Khardung La Challenge,Leh,India,2025,2025-09-14,9,14
Ladakh Marathon,Ladakh Marathon & Ultra,run,Custom…,122,Silk Route Ultra,Leh,India,2025,2025-09-14,9,14
Ladakh Marathon,Ladakh Marathon & Ultra,run,Half Marathon,21.1,,Leh,India,2022,2022-09-07,9,7
Ladakh Marathon,Ladakh Marathon & Ultra,run,Half Marathon,21.1,,Leh,India,2023,2023-09-07,9,7
Ladakh Marathon,Ladakh Marathon & Ultra,run,Half Marathon,21.1,,Leh,India,2024,2024-09-05,9,5
Ladakh Marathon,Ladakh Marathon & Ultra,run,Half Marathon,21.1,,Leh,India,2025,2025-09-14,9,14
Ladakh Marathon,Khardung La Challenge | Ladakh,run,Marathon,42.2,,Leh,India,2022,2022-09-07,9,7
Ladakh Marathon,Ladakh Marathon & Ultra,run,Marathon,42.2,,Leh,India,2022,2022-09-07,9,7
Ladakh Marathon,Khardung La Challenge | Ladakh,run,Marathon,42.2,,Leh,India,2023,2023-09-07,9,7
Ladakh Marathon,Ladakh Marathon & Ultra,run,Marathon,42.2,,Leh,India,2023,2023-09-07,9,7
Ladakh Marathon,Khardung La Challenge | Ladakh,run,Marathon,42.2,,Leh,India,2024,2024-09-05,9,5
Ladakh Marathon,Ladakh Marathon & Ultra,run,Marathon,42.2,,Leh,India,2024,2024-09-05,9,5
Ladakh Marathon,Khardung La Challenge | Ladakh,run,Marathon,42.2,,Leh,India,2025,2025-09-14,9,14
Ladakh Marathon,Ladakh Marathon & Ultra,run,Marathon,42.2,,Leh,India,2025,2025-09-14,9,14
Leadville 100,Leadville | LT100,run,100 Mile,161,,Leadville,United States,,,8,15
Lisbon Half Marathon,EDP Lisbon Half,run,Half Marathon,21.1,,Lisbon,Portugal,,,3,16
Lisbon Marathon,EDP Lisbon | Lisbon,run,Marathon,42.2,,Lisbon,Portugal,,,10,5
London Marathon,TCS London | Virgin London,run,Marathon,42.2,,London,United Kingdom,2006,2006-04-23,4,23
London Marathon,TCS London | Virgin London,run,Marathon,42.2,,London,United Kingdom,2007,2007-04-22,4,22
London Marathon,TCS London | Virgin London,run,Marathon,42.2,,London,United Kingdom,2008,2008-04-13,4,13
London Marathon,TCS London | Virgin London,run,Marathon,42.2,,London,United Kingdom,2009,2009-04-26,4,26
London Marathon,TCS London | Virgin London,run,Marathon,42.2,,London,United Kingdom,2010,2010-04-25,4,25
London Marathon,TCS London | Virgin London,run,Marathon,42.2,,London,United Kingdom,2011,2011-04-17,4,17
London Marathon,TCS London | Virgin London,run,Marathon,42.2,,London,United Kingdom,2012,2012-04-22,4,22
London Marathon,TCS London | Virgin London,run,Marathon,42.2,,London,United Kingdom,2013,2013-04-21,4,21
London Marathon,TCS London | Virgin London,run,Marathon,42.2,,London,United Kingdom,2014,2014-04-13,4,13
London Marathon,TCS London | Virgin London,run,Marathon,42.2,,London,United Kingdom,2015,2015-04-26,4,26
London Marathon,TCS London | Virgin London,run,Marathon,42.2,,London,United Kingdom,2016,2016-04-24,4,24
London Marathon,TCS London | Virgin London,run,Marathon,42.2,,London,United Kingdom,2017,2017-04-23,4,23
London Marathon,TCS London | Virgin London,run,Marathon,42.2,,London,United Kingdom,2018,2018-04-22,4,22
London Marathon,TCS London | Virgin London,run,Marathon,42.2,,London,United Kingdom,2019,2019-04-28,4,28
London Marathon,TCS London | Virgin London,run,Marathon,42.2,,London,United Kingdom,2020,2020-10-04,10,4
London Marathon,TCS London | Virgin London,run,Marathon,42.2,,London,United Kingdom,2021,2021-10-03,10,3
London Marathon,TCS London | Virgin London,run,Marathon,42.2,,London,United Kingdom,2022,2022-10-02,10,2
London Marathon,TCS London | Virgin London,run,Marathon,42.2,,London,United Kingdom,2023,2023-04-23,4,23
London Marathon,TCS London | Virgin London,run,Marathon,42.2,,London,United Kingdom,2024,2024-04-21,4,21
London Marathon,TCS London | Virgin London,run,Marathon,42.2,,London,United Kingdom,2025,2025-04-27,4,27
London Marathon,TCS London | Virgin London,run,Marathon,42.2,,London,United Kingdom,2026,2026-04-26,4,26
Manchester Marathon,Manchester | AJ Bell Manchester,run,Marathon,42.2,,Manchester,United Kingdom,2023,2023-04-16,4,16
Manchester Marathon,Manchester | AJ Bell Manchester,run,Marathon,42.2,,Manchester,United Kingdom,2024,2024-04-07,4,7
Manchester Marathon,Manchester | AJ Bell Manchester,run,Marathon,42.2,,Manchester,United Kingdom,2025,2025-04-06,4,6
Manchester Marathon,Manchester | AJ Bell Manchester,run,Marathon,42.2,,Manchester,United Kingdom,2026,2026-04-05,4,5
Marathon des Sables,MDS | Marathon of the Sands,run,Custom…,250,250K Stage Race,Ouarzazate,Morocco,2023,2023-04-21,4,21
Marathon des Sables,MDS | Marathon of the Sands,run,Custom…,250,250K Stage Race,Ouarzazate,Morocco,2024,2024-04-05,4,5
Marathon des Sables,MDS | Marathon of the Sands,run,Custom…,250,250K Stage Race,Ouarzazate,Morocco,2025,2025-04-04,4,4
Marathon des Sables,MDS | Marathon of the Sands,run,Custom…,250,250K Stage Race,Ouarzazate,Morocco,2026,2026-04-03,4,3
Maratona dles Dolomites,Maratona Dolomites | Maratona,cycle,Gran Fondo,138,,La Villa,Italy,,,7,6
Melbourne Marathon,Melbourne,run,Marathon,42.2,,Melbourne,Australia,,,10,12
Mumbai Marathon,SCMM | Standard Chartered Mumbai Marathon | Tata Mumbai Marathon,run,10KM,10,,Mumbai,India,2017,2017-01-15,1,15
Mumbai Marathon,SCMM | Standard Chartered Mumbai Marathon | Tata Mumbai Marathon,run,10KM,10,,Mumbai,India,2018,2018-01-21,1,21
Mumbai Marathon,SCMM | Standard Chartered Mumbai Marathon | Tata Mumbai Marathon,run,10KM,10,,Mumbai,India,2019,2019-01-20,1,20
Mumbai Marathon,SCMM | Standard Chartered Mumbai Marathon | Tata Mumbai Marathon,run,10KM,10,,Mumbai,India,2020,2020-01-19,1,19
Mumbai Marathon,SCMM | Standard Chartered Mumbai Marathon | Tata Mumbai Marathon,run,10KM,10,,Mumbai,India,2023,2023-01-15,1,15
Mumbai Marathon,SCMM | Standard Chartered Mumbai Marathon | Tata Mumbai Marathon,run,10KM,10,,Mumbai,India,2024,2024-01-21,1,21
Mumbai Marathon,SCMM | Standard Chartered Mumbai Marathon | Tata Mumbai Marathon,run,10KM,10,,Mumbai,India,2025,2025-01-19,1,19
Mumbai Marathon,SCMM | Standard Chartered Mumbai Marathon | Tata Mumbai Marathon,run,10KM,10,,Mumbai,India,2026,2026-01-18,1,18
Mumbai Marathon,SCMM | Standard Chartered Mumbai Marathon | Tata Mumbai Marathon,run,Custom…,6,Dream Run,Mumbai,India,2017,2017-01-15,1,15
Mumbai Marathon,SCMM | Standard Chartered Mumbai Marathon | Tata Mumbai Marathon,run,Custom…,6,Dream Run,Mumbai,India,2018,2018-01-21,1,21
Mumbai Marathon,SCMM | Standard Chartered Mumbai Marathon | Tata Mumbai Marathon,run,Custom…,6,Dream Run,Mumbai,India,2019,2019-01-20,1,20
Mumbai Marathon,SCMM | Standard Chartered Mumbai Marathon | Tata Mumbai Marathon,run,Custom…,6,Dream Run,Mumbai,India,2020,2020-01-19,1,19
Mumbai Marathon,SCMM | Standard Chartered Mumbai Marathon | Tata Mumbai Marathon,run,Custom…,6,Dream Run,Mumbai,India,2023,2023-01-15,1,15
Mumbai Marathon,SCMM | Standard Chartered Mumbai Marathon | Tata Mumbai Marathon,run,Custom…,6,Dream Run,Mumbai,India,2024,2024-01-21,1,21
Mumbai Marathon,SCMM | Standard Chartered Mumbai Marathon | Tata Mumbai Marathon,run,Custom…,6,Dream Run,Mumbai,India,2025,2025-01-19,1,19
Mumbai Marathon,SCMM | Standard Chartered Mumbai Marathon | Tata Mumbai Marathon,run,Custom…,6,Dream Run,Mumbai,India,2026,2026-01-18,1,18
Mumbai Marathon,SCMM | Standard Chartered Mumbai Marathon | Tata Mumbai Marathon,run,Half Marathon,21.1,,Mumbai,India,2017,2017-01-15,1,15
Mumbai Marathon,SCMM | Standard Chartered Mumbai Marathon | Tata Mumbai Marathon,run,Half Marathon,21.1,,Mumbai,India,2018,2018-01-21,1,21
Mumbai Marathon,SCMM | Standard Chartered Mumbai Marathon | Tata Mumbai Marathon,run,Half Marathon,21.1,,Mumbai,India,2019,2019-01-20,1,20
Mumbai Marathon,SCMM | Standard Chartered Mumbai Marathon | Tata Mumbai Marathon,run,Half Marathon,21.1,,Mumbai,India,2020,2020-01-19,1,19
Mumbai Marathon,SCMM | Standard Chartered Mumbai Marathon | Tata Mumbai Marathon,run,Half Marathon,21.1,,Mumbai,India,2023,2023-01-15,1,15
Mumbai Marathon,SCMM | Standard Chartered Mumbai Marathon | Tata Mumbai Marathon,run,Half Marathon,21.1,,Mumbai,India,2024,2024-01-21,1,21
Mumbai Marathon,SCMM | Standard Chartered Mumbai Marathon | Tata Mumbai Marathon,run,Half Marathon,21.1,,Mumbai,India,2025,2025-01-19,1,19
Mumbai Marathon,SCMM | Standard Chartered Mumbai Marathon | Tata Mumbai Marathon,run,Half Marathon,21.1,,Mumbai,India,2026,2026-01-18,1,18
Mumbai Marathon,Mumbai | TATA Mumbai,run,Marathon,42.2,,Mumbai,India,2017,2017-01-15,1,15
Mumbai Marathon,SCMM | Standard Chartered Mumbai Marathon | Tata Mumbai Marathon,run,Marathon,42.2,,Mumbai,India,2017,2017-01-15,1,15
Mumbai Marathon,Mumbai | TATA Mumbai,run,Marathon,42.2,,Mumbai,India,2018,2018-01-21,1,21
Mumbai Marathon,SCMM | Standard Chartered Mumbai Marathon | Tata Mumbai Marathon,run,Marathon,42.2,,Mumbai,India,2018,2018-01-21,1,21
Mumbai Marathon,Mumbai | TATA Mumbai,run,Marathon,42.2,,Mumbai,India,2019,2019-01-20,1,20
Mumbai Marathon,SCMM | Standard Chartered Mumbai Marathon | Tata Mumbai Marathon,run,Marathon,42.2,,Mumbai,India,2019,2019-01-20,1,20
Mumbai Marathon,Mumbai | TATA Mumbai,run,Marathon,42.2,,Mumbai,India,2020,2020-01-19,1,19
Mumbai Marathon,SCMM | Standard Chartered Mumbai Marathon | Tata Mumbai Marathon,run,Marathon,42.2,,Mumbai,India,2020,2020-01-19,1,19
Mumbai Marathon,Mumbai | TATA Mumbai,run,Marathon,42.2,,Mumbai,India,2023,2023-01-15,1,15
Mumbai Marathon,SCMM | Standard Chartered Mumbai Marathon | Tata Mumbai Marathon,run,Marathon,42.2,,Mumbai,India,2023,2023-01-15,1,15
Mumbai Marathon,Mumbai | TATA Mumbai,run,Marathon,42.2,,Mumbai,India,2024,2024-01-21,1,21
Mumbai Marathon,SCMM | Standard Chartered Mumbai Marathon | Tata Mumbai Marathon,run,Marathon,42.2,,Mumbai,India,2024,2024-01-21,1,21
Mumbai Marathon,Mumbai | TATA Mumbai,run,Marathon,42.2,,Mumbai,India,2025,2025-01-19,1,19
Mumbai Marathon,SCMM | Standard Chartered Mumbai Marathon | Tata Mumbai Marathon,run,Marathon,42.2,,Mumbai,India,2025,2025-01-19,1,19
Mumbai Marathon,Mumbai | TATA Mumbai,run,Marathon,42.2,,Mumbai,India,2026,2026-01-18,1,18
Mumbai Marathon,SCMM | Standard Chartered Mumbai Marathon | Tata Mumbai Marathon,run,Marathon,42.2,,Mumbai,India,2026,2026-01-18,1,18
New York City Marathon,NYC Marathon | NYCM | TCS NYC,run,Marathon,42.2,,New York,United States,2006,2006-11-05,11,5
New York City Marathon,NYC Marathon | NYCM | TCS NYC,run,Marathon,42.2,,New York,United States,2007,2007-11-04,11,4
New York City Marathon,NYC Marathon | NYCM | TCS NYC,run,Marathon,42.2,,New York,United States,2008,2008-11-02,11,2
New York City Marathon,NYC Marathon | NYCM | TCS NYC,run,Marathon,42.2,,New York,United States,2009,2009-11-01,11,1
New York City Marathon,NYC Marathon | NYCM | TCS NYC,run,Marathon,42.2,,New York,United States,2010,2010-11-07,11,7
New York City Marathon,NYC Marathon | NYCM | TCS NYC,run,Marathon,42.2,,New York,United States,2011,2011-11-06,11,6
New York City Marathon,NYC Marathon | NYCM | TCS NYC,run,Marathon,42.2,,New York,United States,2013,2013-11-03,11,3
New York City Marathon,NYC Marathon | NYCM | TCS NYC,run,Marathon,42.2,,New York,United States,2014,2014-11-02,11,2
New York City Marathon,NYC Marathon | NYCM | TCS NYC,run,Marathon,42.2,,New York,United States,2015,2015-11-01,11,1
New York City Marathon,NYC Marathon | NYCM | TCS NYC,run,Marathon,42.2,,New York,United States,2016,2016-11-06,11,6
New York City Marathon,NYC Marathon | NYCM | TCS NYC,run,Marathon,42.2,,New York,United States,2017,2017-11-05,11,5
New York City Marathon,NYC Marathon | NYCM | TCS NYC,run,Marathon,42.2,,New York,United States,2018,2018-11-04,11,4
New York City Marathon,NYC Marathon | NYCM | TCS NYC,run,Marathon,42.2,,New York,United States,2019,2019-11-03,11,3
New York City Marathon,NYC Marathon | NYCM | TCS NYC,run,Marathon,42.2,,New York,United States,2021,2021-11-07,11,7
New York City Marathon,NYC Marathon | NYCM | TCS NYC,run,Marathon,42.2,,New York,United States,2022,2022-11-06,11,6
New York City Marathon,NYC Marathon | NYCM | TCS NYC,run,Marathon,42.2,,New York,United States,2023,2023-11-05,11,5
New York City Marathon,NYC Marathon | NYCM | TCS NYC,run,Marathon,42.2,,New York,United States,2024,2024-11-03,11,3
New York City Marathon,NYC Marathon | NYCM | TCS NYC,run,Marathon,42.2,,New York,United States,2025,2025-11-02,11,2
New York City Marathon,NYC Marathon | NYCM | TCS NYC,run,Marathon,42.2,,New York,United States,2026,2026-11-01,11,1
Norseman,Norseman Xtreme Triathlon,tri,Full Distance,226,,Eidfjord,Norway,,,8,2
NYC Half Marathon,NYC Half | United Airlines NYC Half,run,Half Marathon,21.1,,New York,United States,,,3,16
Osaka Marathon,Osaka,run,Marathon,42.2,,Osaka,Japan,2023,2023-02-26,2,26
Osaka Marathon,Osaka,run,Marathon,42.2,,Osaka,Japan,2024,2024-02-25,2,25
Osaka Marathon,Osaka,run,Marathon,42.2,,Osaka,Japan,2025,2025-02-23,2,23
Osaka Marathon,Osaka,run,Marathon,42.2,,Osaka,Japan,2026,2026-02-22,2,22
Ötztaler Radmarathon,Ötztaler | Oetztaler,cycle,Gran Fondo,238,,Sölden,Austria,,,8,31
Paris Marathon,Paris,run,Marathon,42.2,,Paris,France,2022,2022-04-03,4,3
Paris Marathon,Paris,run,Marathon,42.2,,Paris,France,2023,2023-04-02,4,2
Paris Marathon,Paris,run,Marathon,42.2,,Paris,France,2024,2024-04-14,4,14
Paris Marathon,Paris,run,Marathon,42.2,,Paris,France,2025,2025-04-06,4,6
Paris Marathon,Paris,run,Marathon,42.2,,Paris,France,2026,2026-04-12,4,12
Pink City Half Marathon,PCHM | Vedanta Pink City Half Marathon | Vedanta Pink City Half Marathon – 10th Edition,run,10KM,10,,Jaipur,India,2022,2022-12-18,12,18
Pink City Half Marathon,PCHM | Vedanta Pink City Half Marathon | Vedanta Pink City Half Marathon – 10th Edition,run,10KM,10,,Jaipur,India,2023,2023-12-17,12,17
Pink City Half Marathon,PCHM | Vedanta Pink City Half Marathon | Vedanta Pink City Half Marathon – 10th Edition,run,10KM,10,,Jaipur,India,2024,2024-12-15,12,15
Pink City Half Marathon,PCHM | Vedanta Pink City Half Marathon | Vedanta Pink City Half Marathon – 10th Edition,run,10KM,10,,Jaipur,India,2025,2025-11-30,11,30
Pink City Half Marathon,PCHM | Vedanta Pink City Half Marathon | Vedanta Pink City Half Marathon – 10th Edition,run,5KM,5,,Jaipur,India,2022,2022-12-18,12,18
Pink City Half Marathon,PCHM | Vedanta Pink City Half Marathon | Vedanta Pink City Half Marathon – 10th Edition,run,5KM,5,,Jaipur,India,2023,2023-12-17,12,17
Pink City Half Marathon,PCHM | Vedanta Pink City Half Marathon | Vedanta Pink City Half Marathon – 10th Edition,run,5KM,5,,Jaipur,India,2024,2024-12-15,12,15
Pink City Half Marathon,PCHM | Vedanta Pink City Half Marathon | Vedanta Pink City Half Marathon – 10th Edition,run,5KM,5,,Jaipur,India,2025,2025-11-30,11,30
Pink City Half Marathon,PCHM | Vedanta Pink City Half Marathon | Vedanta Pink City Half Marathon – 10th Edition,run,Half Marathon,21.1,,Jaipur,India,2022,2022-12-18,12,18
Pink City Half Marathon,PCHM | Vedanta Pink City Half Marathon | Vedanta Pink City Half Marathon – 10th Edition,run,Half Marathon,21.1,,Jaipur,India,2023,2023-12-17,12,17
Pink City Half Marathon,PCHM | Vedanta Pink City Half Marathon | Vedanta Pink City Half Marathon – 10th Edition,run,Half Marathon,21.1,,Jaipur,India,2024,2024-12-15,12,15
Pink City Half Marathon,PCHM | Vedanta Pink City Half Marathon | Vedanta Pink City Half Marathon – 10th Edition,run,Half Marathon,21.1,,Jaipur,India,2025,2025-11-30,11,30
Pune International Marathon,Pune Marathon | Pune,run,Marathon,42.2,,Pune,India,2023,2023-09-17,9,17
Pune International Marathon,Pune Marathon | Pune,run,Marathon,42.2,,Pune,India,2024,2024-09-15,9,15
Pune International Marathon,Pune Marathon | Pune,run,Marathon,42.2,,Pune,India,2025,2025-09-14,9,14
Ras Al Khaimah Half Marathon,RAK Half | RAK Marathon,run,Half Marathon,21.1,,Ras Al Khaimah,United Arab Emirates,2023,2023-02-17,2,17
Ras Al Khaimah Half Marathon,RAK Half | RAK Marathon,run,Half Marathon,21.1,,Ras Al Khaimah,United Arab Emirates,2024,2024-02-23,2,23
Ras Al Khaimah Half Marathon,RAK Half | RAK Marathon,run,Half Marathon,21.1,,Ras Al Khaimah,United Arab Emirates,2025,2025-02-21,2,21
Ras Al Khaimah Half Marathon,RAK Half | RAK Marathon,run,Half Marathon,21.1,,Ras Al Khaimah,United Arab Emirates,2026,2026-02-14,2,14
Rome Marathon,Rome | Maratona di Roma,run,Marathon,42.2,,Rome,Italy,2023,2023-03-19,3,19
Rome Marathon,Rome | Maratona di Roma,run,Marathon,42.2,,Rome,Italy,2024,2024-03-17,3,17
Rome Marathon,Rome | Maratona di Roma,run,Marathon,42.2,,Rome,Italy,2025,2025-03-23,3,23
Rome Marathon,Rome | Maratona di Roma,run,Marathon,42.2,,Rome,Italy,2026,2026-03-22,3,22
Rotterdam Marathon,NN Rotterdam | Rotterdam,run,Marathon,42.2,,Rotterdam,Netherlands,,,4,13
Royal Parks Half Marathon,Royal Parks | Royal Parks Half,run,Half Marathon,21.1,,London,United Kingdom,,,10,12
Run Bhopal Run,RBR,run,10KM,10,,Bhopal,India,2024,2024-12-08,12,8
Run Bhopal Run,RBR,run,10KM,10,,Bhopal,India,2025,2025-12-07,12,7
Run Bhopal Run,RBR,run,5KM,5,,Bhopal,India,2024,2024-12-08,12,8
Run Bhopal Run,RBR,run,5KM,5,,Bhopal,India,2025,2025-12-07,12,7
Run Bhopal Run,RBR,run,Half Marathon,21.1,,Bhopal,India,2024,2024-12-08,12,8
Run Bhopal Run,RBR,run,Half Marathon,21.1,,Bhopal,India,2025,2025-12-07,12,7
Saquib Rizvi Memorial Cancer Awareness Half Marathon,,run,Half Marathon,21.1,,Mumbai,India,2022,2022-06-19,6,19
Saquib Rizvi Memorial Cancer Awareness Half Marathon,,run,Half Marathon,21.1,,Mumbai,India,2023,2023-10-01,10,1
Saquib Rizvi Memorial Cancer Awareness Half Marathon,,run,Half Marathon,21.1,,Mumbai,India,2024,2024-11-17,11,17
Saquib Rizvi Memorial Cancer Awareness Half Marathon,,run,Half Marathon,21.1,,Mumbai,India,2025,2025-10-05,10,5
Sarmang Dehradun Marathon,Dehradun Marathon,run,10KM,10,,Dehradun,India,2022,2022-10-16,10,16
Sarmang Dehradun Marathon,Dehradun Marathon,run,10KM,10,,Dehradun,India,2023,2023-10-08,10,8
Sarmang Dehradun Marathon,Dehradun Marathon,run,10KM,10,,Dehradun,India,2024,2024-09-29,9,29
Sarmang Dehradun Marathon,Dehradun Marathon,run,10KM,10,,Dehradun,India,2025,2025-10-05,10,5
Sarmang Dehradun Marathon,Dehradun Marathon,run,5KM,5,,Dehradun,India,2022,2022-10-16,10,16
Sarmang Dehradun Marathon,Dehradun Marathon,run,5KM,5,,Dehradun,India,2023,2023-10-08,10,8
Sarmang Dehradun Marathon,Dehradun Marathon,run,5KM,5,,Dehradun,India,2024,2024-09-29,9,29
Sarmang Dehradun Marathon,Dehradun Marathon,run,5KM,5,,Dehradun,India,2025,2025-10-05,10,5
Sarmang Dehradun Marathon,Dehradun Marathon,run,Custom…,50,Ultra,Dehradun,India,2022,2022-10-16,10,16
Sarmang Dehradun Marathon,Dehradun Marathon,run,Custom…,50,Ultra,Dehradun,India,2023,2023-10-08,10,8
Sarmang Dehradun Marathon,Dehradun Marathon,run,Custom…,50,Ultra,Dehradun,India,2024,2024-09-29,9,29
Sarmang Dehradun Marathon,Dehradun Marathon,run,Custom…,50,Ultra,Dehradun,India,2025,2025-10-05,10,5
Sarmang Dehradun Marathon,Dehradun Marathon,run,Half Marathon,21.1,,Dehradun,India,2022,2022-10-16,10,16
Sarmang Dehradun Marathon,Dehradun Marathon,run,Half Marathon,21.1,,Dehradun,India,2023,2023-10-08,10,8
Sarmang Dehradun Marathon,Dehradun Marathon,run,Half Marathon,21.1,,Dehradun,India,2024,2024-09-29,9,29
Sarmang Dehradun Marathon,Dehradun Marathon,run,Half Marathon,21.1,,Dehradun,India,2025,2025-10-05,10,5
Sarmang Dehradun Marathon,Dehradun Marathon,run,Marathon,42.2,,Dehradun,India,2022,2022-10-16,10,16
Sarmang Dehradun Marathon,Dehradun Marathon,run,Marathon,42.2,,Dehradun,India,2023,2023-10-08,10,8
Sarmang Dehradun Marathon,Dehradun Marathon,run,Marathon,42.2,,Dehradun,India,2024,2024-09-29,9,29
Sarmang Dehradun Marathon,Dehradun Marathon,run,Marathon,42.2,,Dehradun,India,2025,2025-10-05,10,5
Seoul Marathon,Seoul | Dong-A Seoul,run,Marathon,42.2,,Seoul,South Korea,2023,2023-03-19,3,19
Seoul Marathon,Seoul | Dong-A Seoul,run,Marathon,42.2,,Seoul,South Korea,2024,2024-03-17,3,17
Seoul Marathon,Seoul | Dong-A Seoul,run,Marathon,42.2,,Seoul,South Korea,2025,2025-03-16,3,16
Seoul Marathon,Seoul | Dong-A Seoul,run,Marathon,42.2,,Seoul,South Korea,2026,2026-03-15,3,15
Shanghai Marathon,Shanghai,run,Marathon,42.2,,Shanghai,China,,,11,30
Singapore Marathon,SCSM | Singapore,run,Marathon,42.2,,Singapore,Singapore,2022,2022-12-04,12,4
Singapore Marathon,SCSM | Singapore,run,Marathon,42.2,,Singapore,Singapore,2023,2023-12-03,12,3
Singapore Marathon,SCSM | Singapore,run,Marathon,42.2,,Singapore,Singapore,2024,2024-12-01,12,1
Singapore Marathon,SCSM | Singapore,run,Marathon,42.2,,Singapore,Singapore,2025,2025-11-30,11,30
Spartathlon,Spartathlon,run,100 Mile,246,,Athens,Greece,,,9,26
Spiti Marathon,Surya Spiti Challenge,run,10KM,10,,Sumdo,India,2024,2024-09-28,9,28
Spiti Marathon,Surya Spiti Challenge,run,10KM,10,,Sumdo,India,2025,2025-08-22,8,22
Spiti Marathon,Surya Spiti Challenge,run,Custom…,77,Kunzum La 77 Challenge,Sumdo,India,2024,2024-09-28,9,28
Spiti Marathon,Surya Spiti Challenge,run,Custom…,77,Kunzum La 77 Challenge,Sumdo,India,2025,2025-08-22,8,22
Spiti Marathon,Surya Spiti Challenge,run,Half Marathon,21.1,,Sumdo,India,2024,2024-09-28,9,28
Spiti Marathon,Surya Spiti Challenge,run,Half Marathon,21.1,,Sumdo,India,2025,2025-08-22,8,22
Stockholm Marathon,Stockholm,run,Marathon,42.2,,Stockholm,Sweden,2023,2023-06-03,6,3
Stockholm Marathon,Stockholm,run,Marathon,42.2,,Stockholm,Sweden,2024,2024-06-01,6,1
Stockholm Marathon,Stockholm,run,Marathon,42.2,,Stockholm,Sweden,2025,2025-05-31,5,31
Stockholm Marathon,Stockholm,run,Marathon,42.2,,Stockholm,Sweden,2026,2026-06-06,6,6
Sydney Marathon,Sydney | SMC,run,Marathon,42.2,,Sydney,Australia,2023,2023-09-17,9,17
Sydney Marathon,Sydney | SMC,run,Marathon,42.2,,Sydney,Australia,2024,2024-09-15,9,15
Sydney Marathon,Sydney | SMC,run,Marathon,42.2,,Sydney,Australia,2025,2025-08-31,8,31
Sydney Marathon,Sydney | SMC,run,Marathon,42.2,,Sydney,Australia,2026,2026-08-30,8,30
Tawang Marathon,TAWANG Marathon,run,10KM,10,,Tawang,India,2024,2024-10-24,10,24
Tawang Marathon,TAWANG Marathon,run,10KM,10,,Tawang,India,2025,2025-10-24,10,24
Tawang Marathon,TAWANG Marathon,run,5KM,5,,Tawang,India,2024,2024-10-24,10,24
Tawang Marathon,TAWANG Marathon,run,5KM,5,,Tawang,India,2025,2025-10-24,10,24
Tawang Marathon,TAWANG Marathon,run,Half Marathon,21.1,,Tawang,India,2024,2024-10-24,10,24
Tawang Marathon,TAWANG Marathon,run,Half Marathon,21.1,,Tawang,India,2025,2025-10-24,10,24
Tawang Marathon,Tawang,run,Marathon,42.2,,Tawang,India,2024,2024-10-24,10,24
Tawang Marathon,TAWANG Marathon,run,Marathon,42.2,,Tawang,India,2024,2024-10-24,10,24
Tawang Marathon,Tawang,run,Marathon,42.2,,Tawang,India,2025,2025-10-24,10,24
Tawang Marathon,TAWANG Marathon,run,Marathon,42.2,,Tawang,India,2025,2025-10-24,10,24
TCS World 10K Bangalore,TCS World 10K | World 10K Bangalore | World 10K,run,10KM,10,,Bengaluru,India,2017,2017-05-21,5,21
TCS World 10K Bangalore,TCS W10K | TCS World 10K Bengaluru | World 10K Bengaluru,run,10KM,10,,Bengaluru,India,2017,2017-05-21,5,21
TCS World 10K Bangalore,TCS World 10K | World 10K Bangalore | World 10K,run,10KM,10,,Bengaluru,India,2018,2018-05-13,5,13
TCS World 10K Bangalore,TCS W10K | TCS World 10K Bengaluru | World 10K Bengaluru,run,10KM,10,,Bengaluru,India,2018,2018-05-13,5,13
TCS World 10K Bangalore,TCS World 10K | World 10K Bangalore | World 10K,run,10KM,10,,Bengaluru,India,2019,2019-05-19,5,19
TCS World 10K Bangalore,TCS W10K | TCS World 10K Bengaluru | World 10K Bengaluru,run,10KM,10,,Bengaluru,India,2019,2019-05-19,5,19
TCS World 10K Bangalore,TCS World 10K | World 10K Bangalore | World 10K,run,10KM,10,,Bengaluru,India,2020,2020-11-22,11,22
TCS World 10K Bangalore,TCS W10K | TCS World 10K Bengaluru | World 10K Bengaluru,run,10KM,10,,Bengaluru,India,2020,2020-11-22,11,22
TCS World 10K Bangalore,TCS World 10K | World 10K Bangalore | World 10K,run,10KM,10,,Bengaluru,India,2022,2022-05-15,5,15
TCS World 10K Bangalore,TCS W10K | TCS World 10K Bengaluru | World 10K Bengaluru,run,10KM,10,,Bengaluru,India,2022,2022-05-15,5,15
TCS World 10K Bangalore,TCS World 10K | World 10K Bangalore | World 10K,run,10KM,10,,Bengaluru,India,2023,2023-05-21,5,21
TCS World 10K Bangalore,TCS W10K | TCS World 10K Bengaluru | World 10K Bengaluru,run,10KM,10,,Bengaluru,India,2023,2023-05-21,5,21
TCS World 10K Bangalore,TCS World 10K | World 10K Bangalore | World 10K,run,10KM,10,,Bengaluru,India,2024,2024-04-28,4,28
TCS World 10K Bangalore,TCS W10K | TCS World 10K Bengaluru | World 10K Bengaluru,run,10KM,10,,Bengaluru,India,2024,2024-04-28,4,28
TCS World 10K Bangalore,TCS World 10K | World 10K Bangalore | World 10K,run,10KM,10,,Bengaluru,India,2025,2025-04-27,4,27
TCS World 10K Bangalore,TCS W10K | TCS World 10K Bengaluru | World 10K Bengaluru,run,10KM,10,,Bengaluru,India,2025,2025-04-27,4,27
TCS World 10K Bangalore,TCS W10K | TCS World 10K Bengaluru | World 10K Bengaluru,run,Custom…,5,Majja Run,Bengaluru,India,2017,2017-05-21,5,21
TCS World 10K Bangalore,TCS W10K | TCS World 10K Bengaluru | World 10K Bengaluru,run,Custom…,5,Majja Run,Bengaluru,India,2018,2018-05-13,5,13
TCS World 10K Bangalore,TCS W10K | TCS World 10K Bengaluru | World 10K Bengaluru,run,Custom…,5,Majja Run,Bengaluru,India,2019,2019-05-19,5,19
TCS World 10K Bangalore,TCS W10K | TCS World 10K Bengaluru | World 10K Bengaluru,run,Custom…,5,Majja Run,Bengaluru,India,2020,2020-11-22,11,22
TCS World 10K Bangalore,TCS W10K | TCS World 10K Bengaluru | World 10K Bengaluru,run,Custom…,5,Majja Run,Bengaluru,India,2022,2022-05-15,5,15
TCS World 10K Bangalore,TCS W10K | TCS World 10K Bengaluru | World 10K Bengaluru,run,Custom…,5,Majja Run,Bengaluru,India,2023,2023-05-21,5,21
TCS World 10K Bangalore,TCS W10K | TCS World 10K Bengaluru | World 10K Bengaluru,run,Custom…,5,Majja Run,Bengaluru,India,2024,2024-04-28,4,28
TCS World 10K Bangalore,TCS W10K | TCS World 10K Bengaluru | World 10K Bengaluru,run,Custom…,5,Majja Run,Bengaluru,India,2025,2025-04-27,4,27
Thrissur Marathon,Thrissur,run,Marathon,42.2,,Thrissur,India,,,1,26
Tokyo Marathon,Tokyo | TMM,run,Marathon,42.2,,Tokyo,Japan,2013,2013-02-24,2,24
Tokyo Marathon,Tokyo | TMM,run,Marathon,42.2,,Tokyo,Japan,2014,2014-02-23,2,23
Tokyo Marathon,Tokyo | TMM,run,Marathon,42.2,,Tokyo,Japan,2015,2015-02-22,2,22
Tokyo Marathon,Tokyo | TMM,run,Marathon,42.2,,Tokyo,Japan,2016,2016-02-28,2,28
Tokyo Marathon,Tokyo | TMM,run,Marathon,42.2,,Tokyo,Japan,2017,2017-02-26,2,26
Tokyo Marathon,Tokyo | TMM,run,Marathon,42.2,,Tokyo,Japan,2018,2018-02-25,2,25
Tokyo Marathon,Tokyo | TMM,run,Marathon,42.2,,Tokyo,Japan,2019,2019-03-03,3,3
Tokyo Marathon,Tokyo | TMM,run,Marathon,42.2,,Tokyo,Japan,2020,2020-03-01,3,1
Tokyo Marathon,Tokyo | TMM,run,Marathon,42.2,,Tokyo,Japan,2021,2022-03-06,3,6
Tokyo Marathon,Tokyo | TMM,run,Marathon,42.2,,Tokyo,Japan,2022,2022-03-06,3,6
Tokyo Marathon,Tokyo | TMM,run,Marathon,42.2,,Tokyo,Japan,2023,2023-03-05,3,5
Tokyo Marathon,Tokyo | TMM,run,Marathon,42.2,,Tokyo,Japan,2024,2024-03-03,3,3
Tokyo Marathon,Tokyo | TMM,run,Marathon,42.2,,Tokyo,Japan,2025,2025-03-02,3,2
Tokyo Marathon,Tokyo | TMM,run,Marathon,42.2,,Tokyo,Japan,2026,2026-03-01,3,1
Tor des Géants,TDG | Tor des Geants,run,100 Mile,350,,Courmayeur,Italy,,,9,7
Toronto Marathon,Toronto | Scotiabank Toronto,run,Marathon,42.2,,Toronto,Canada,,,5,4
Tour de France Étape,Etape Tour | Tour de France,cycle,Gran Fondo,150,,Paris,France,,,7,20
Tour of Flanders Sportif,Ronde van Vlaanderen | Flanders,cycle,Gran Fondo,272,,Oudenaarde,Belgium,,,4,6
Transgrancanaria,TGC | Transgran,run,100KM,128,,Las Palmas,Spain,,,2,28
Two Oceans Marathon,Two Oceans | Old Mutual Two Oceans,run,Custom…,56,56K,Cape Town,South Africa,2023,2023-04-15,4,15
Two Oceans Marathon,Two Oceans | Old Mutual Two Oceans,run,Custom…,56,56K,Cape Town,South Africa,2024,2024-03-30,3,30
Two Oceans Marathon,Two Oceans | Old Mutual Two Oceans,run,Custom…,56,56K,Cape Town,South Africa,2025,2025-04-19,4,19
Two Oceans Marathon,Two Oceans | Old Mutual Two Oceans,run,Custom…,56,56K,Cape Town,South Africa,2026,2026-04-04,4,4
Ultra-Trail Cape Town,UTCT,run,100KM,100,,Cape Town,South Africa,,,12,6
UTMB,Ultra-Trail du Mont-Blanc | Ultra Trail Mont Blanc,run,100 Mile,171,,Chamonix,France,2021,2021-08-27,8,27
UTMB,Ultra-Trail du Mont-Blanc | Ultra Trail Mont Blanc,run,100 Mile,171,,Chamonix,France,2022,2022-08-26,8,26
UTMB,Ultra-Trail du Mont-Blanc | Ultra Trail Mont Blanc,run,100 Mile,171,,Chamonix,France,2023,2023-09-01,9,1
UTMB,Ultra-Trail du Mont-Blanc | Ultra Trail Mont Blanc,run,100 Mile,171,,Chamonix,France,2024,2024-08-30,8,30
UTMB,Ultra-Trail du Mont-Blanc | Ultra Trail Mont Blanc,run,100 Mile,171,,Chamonix,France,2025,2025-08-29,8,29
UTMB,Ultra-Trail du Mont-Blanc | Ultra Trail Mont Blanc,run,100 Mile,171,,Chamonix,France,2026,2026-08-28,8,28
UTMB CCC,CCC,run,100KM,101,,Chamonix,France,2023,2023-08-29,8,29
UTMB CCC,CCC,run,100KM,101,,Chamonix,France,2024,2024-08-28,8,28
UTMB CCC,CCC,run,100KM,101,,Chamonix,France,2025,2025-08-27,8,27
UTMB CCC,CCC,run,100KM,101,,Chamonix,France,2026,2026-08-26,8,26
UTMB OCC,OCC | Orsières Champex Chamonix,run,50KM,55,,Chamonix,France,2023,2023-08-28,8,28
UTMB OCC,OCC | Orsières Champex Chamonix,run,50KM,55,,Chamonix,France,2024,2024-08-27,8,27
UTMB OCC,OCC | Orsières Champex Chamonix,run,50KM,55,,Chamonix,France,2025,2025-08-26,8,26
UTMB OCC,OCC | Orsières Champex Chamonix,run,50KM,55,,Chamonix,France,2026,2026-08-25,8,25
Vadodara International Marathon,MG Vadodara International Marathon | MG Vadodara Int’l Marathon | Vadodara Marathon,run,10KM,10,,Vadodara,India,2022,2022-01-09,1,9
Vadodara International Marathon,MG Vadodara International Marathon | MG Vadodara Int’l Marathon | Vadodara Marathon,run,10KM,10,,Vadodara,India,2023,2023-01-08,1,8
Vadodara International Marathon,MG Vadodara International Marathon | MG Vadodara Int’l Marathon | Vadodara Marathon,run,10KM,10,,Vadodara,India,2024,2024-01-07,1,7
Vadodara International Marathon,MG Vadodara International Marathon | MG Vadodara Int’l Marathon | Vadodara Marathon,run,10KM,10,,Vadodara,India,2025,2025-02-02,2,2
Vadodara International Marathon,MG Vadodara International Marathon | MG Vadodara Int’l Marathon | Vadodara Marathon,run,10KM,10,,Vadodara,India,2026,2026-02-01,2,1
Vadodara International Marathon,MG Vadodara International Marathon | MG Vadodara Int’l Marathon | Vadodara Marathon,run,5KM,5,,Vadodara,India,2022,2022-01-09,1,9
Vadodara International Marathon,MG Vadodara International Marathon | MG Vadodara Int’l Marathon | Vadodara Marathon,run,5KM,5,,Vadodara,India,2023,2023-01-08,1,8
Vadodara International Marathon,MG Vadodara International Marathon | MG Vadodara Int’l Marathon | Vadodara Marathon,run,5KM,5,,Vadodara,India,2024,2024-01-07,1,7
Vadodara International Marathon,MG Vadodara International Marathon | MG Vadodara Int’l Marathon | Vadodara Marathon,run,5KM,5,,Vadodara,India,2025,2025-02-02,2,2
Vadodara International Marathon,MG Vadodara International Marathon | MG Vadodara Int’l Marathon | Vadodara Marathon,run,5KM,5,,Vadodara,India,2026,2026-02-01,2,1
Vadodara International Marathon,MG Vadodara International Marathon | MG Vadodara Int’l Marathon | Vadodara Marathon,run,Custom…,5,Gazra Run,Vadodara,India,2022,2022-01-09,1,9
Vadodara International Marathon,MG Vadodara International Marathon | MG Vadodara Int’l Marathon | Vadodara Marathon,run,Custom…,5,Heritage Fun Run,Vadodara,India,2022,2022-01-09,1,9
Vadodara International Marathon,MG Vadodara International Marathon | MG Vadodara Int’l Marathon | Vadodara Marathon,run,Custom…,5,Gazra Run,Vadodara,India,2023,2023-01-08,1,8
Vadodara International Marathon,MG Vadodara International Marathon | MG Vadodara Int’l Marathon | Vadodara Marathon,run,Custom…,5,Heritage Fun Run,Vadodara,India,2023,2023-01-08,1,8
Vadodara International Marathon,MG Vadodara International Marathon | MG Vadodara Int’l Marathon | Vadodara Marathon,run,Custom…,5,Gazra Run,Vadodara,India,2024,2024-01-07,1,7
Vadodara International Marathon,MG Vadodara International Marathon | MG Vadodara Int’l Marathon | Vadodara Marathon,run,Custom…,5,Heritage Fun Run,Vadodara,India,2024,2024-01-07,1,7
Vadodara International Marathon,MG Vadodara International Marathon | MG Vadodara Int’l Marathon | Vadodara Marathon,run,Custom…,5,Gazra Run,Vadodara,India,2025,2025-02-02,2,2
Vadodara International Marathon,MG Vadodara International Marathon | MG Vadodara Int’l Marathon | Vadodara Marathon,run,Custom…,5,Heritage Fun Run,Vadodara,India,2025,2025-02-02,2,2
Vadodara International Marathon,MG Vadodara International Marathon | MG Vadodara Int’l Marathon | Vadodara Marathon,run,Custom…,5,Gazra Run,Vadodara,India,2026,2026-02-01,2,1
Vadodara International Marathon,MG Vadodara International Marathon | MG Vadodara Int’l Marathon | Vadodara Marathon,run,Custom…,5,Heritage Fun Run,Vadodara,India,2026,2026-02-01,2,1
Vadodara International Marathon,MG Vadodara International Marathon | MG Vadodara Int’l Marathon | Vadodara Marathon,run,Half Marathon,21.1,,Vadodara,India,2022,2022-01-09,1,9
Vadodara International Marathon,MG Vadodara International Marathon | MG Vadodara Int’l Marathon | Vadodara Marathon,run,Half Marathon,21.1,,Vadodara,India,2023,2023-01-08,1,8
Vadodara International Marathon,MG Vadodara International Marathon | MG Vadodara Int’l Marathon | Vadodara Marathon,run,Half Marathon,21.1,,Vadodara,India,2024,2024-01-07,1,7
Vadodara International Marathon,MG Vadodara International Marathon | MG Vadodara Int’l Marathon | Vadodara Marathon,run,Half Marathon,21.1,,Vadodara,India,2025,2025-02-02,2,2
Vadodara International Marathon,MG Vadodara International Marathon | MG Vadodara Int’l Marathon | Vadodara Marathon,run,Half Marathon,21.1,,Vadodara,India,2026,2026-02-01,2,1
Vadodara International Marathon,MG Vadodara International Marathon | MG Vadodara Int’l Marathon | Vadodara Marathon,run,Marathon,42.2,,Vadodara,India,2022,2022-01-09,1,9
Vadodara International Marathon,MG Vadodara International Marathon | MG Vadodara Int’l Marathon | Vadodara Marathon,run,Marathon,42.2,,Vadodara,India,2023,2023-01-08,1,8
Vadodara International Marathon,MG Vadodara International Marathon | MG Vadodara Int’l Marathon | Vadodara Marathon,run,Marathon,42.2,,Vadodara,India,2024,2024-01-07,1,7
Vadodara International Marathon,MG Vadodara International Marathon | MG Vadodara Int’l Marathon | Vadodara Marathon,run,Marathon,42.2,,Vadodara,India,2025,2025-02-02,2,2
Vadodara International Marathon,MG Vadodara International Marathon | MG Vadodara Int’l Marathon | Vadodara Marathon,run,Marathon,42.2,,Vadodara,India,2026,2026-02-01,2,1
Valencia Half Marathon,Valencia Half,run,Half Marathon,21.1,,Valencia,Spain,,,10,26
Valencia Marathon,Valencia | Trinidad Alfonso,run,Marathon,42.2,,Valencia,Spain,2022,2022-12-04,12,4
Valencia Marathon,Valencia | Trinidad Alfonso,run,Marathon,42.2,,Valencia,Spain,2023,2023-12-03,12,3
Valencia Marathon,Valencia | Trinidad Alfonso,run,Marathon,42.2,,Valencia,Spain,2024,2024-12-01,12,1
Valencia Marathon,Valencia | Trinidad Alfonso,run,Marathon,42.2,,Valencia,Spain,2025,2025-11-30,11,30
Valencia Marathon,Valencia | Trinidad Alfonso,run,Marathon,42.2,,Valencia,Spain,2026,2026-12-06,12,6
Vienna City Marathon,Vienna | VCM,run,Marathon,42.2,,Vienna,Austria,,,4,27
Western States 100,Western States | WSER,run,100 Mile,161,,Auburn,United States,2022,2022-06-25,6,25
Western States 100,Western States | WSER,run,100 Mile,161,,Auburn,United States,2023,2023-06-24,6,24
Western States 100,Western States | WSER,run,100 Mile,161,,Auburn,United States,2024,2024-06-29,6,29
Western States 100,Western States | WSER,run,100 Mile,161,,Auburn,United States,2025,2025-06-28,6,28
Western States 100,Western States | WSER,run,100 Mile,161,,Auburn,United States,2026,2026-06-27,6,27
Zinc City Half Marathon,Vedanta Zinc City Half Marathon | ZCHM,run,10KM,10,,Udaipur,India,2024,2024-09-29,9,29
Zinc City Half Marathon,Vedanta Zinc City Half Marathon | ZCHM,run,10KM,10,,Udaipur,India,2025,2025-09-21,9,21
Zinc City Half Marathon,Vedanta Zinc City Half Marathon | ZCHM,run,5KM,5,,Udaipur,India,2024,2024-09-29,9,29
Zinc City Half Marathon,Vedanta Zinc City Half Marathon | ZCHM,run,5KM,5,,Udaipur,India,2025,2025-09-21,9,21
Zinc City Half Marathon,Vedanta Zinc City Half Marathon | ZCHM,run,Half Marathon,21.1,,Udaipur,India,2024,2024-09-29,9,29
Zinc City Half Marathon,Vedanta Zinc City Half Marathon | ZCHM,run,Half Marathon,21.1,,Udaipur,India,2025,2025-09-21,9,21
